Player,Tm,Pos,Age,G,MP,PER,TS%,3PAr,FTr,ORB%,DRB%,TRB%,AST%,STL%,BLK%,TOV%,USG%,,OWS,DWS,WS,WS/48,,OBPM,DBPM,BPM,VORP
Álex Abrines\abrinal01,OKC,SG,24,75,1134,9,0.567,0.759,0.158,2.5,8.9,5.6,3.4,1.7,0.6,7.4,12.7,,1.3,1,2.2,0.094,,-1.9,0.4,-1.5,0.1
Quincy Acy\acyqu01,BRK,PF,27,70,1359,8.2,0.525,0.8,0.164,3.1,17.1,10,6,1.2,1.6,13.3,14.4,,-0.1,1.1,1,0.036,,-2.6,0.1,-2.5,-0.2
Steven Adams\adamsst01,OKC,C,24,76,2487,20.6,0.63,0.003,0.402,16.6,13.9,15.3,5.5,1.8,2.8,13.3,16.7,,6.7,3,9.7,0.187,,1.7,-0.6,1.1,2
Bam Adebayo\adebaba01,MIA,C,20,69,1368,15.7,0.57,0.021,0.526,9.7,21.6,15.6,11,1.2,2.5,13.6,15.9,,2.3,1.9,4.2,0.148,,-1.1,0.7,-0.4,0.6
Arron Afflalo\afflaar01,ORL,SG,32,53,682,5.8,0.516,0.432,0.16,0.6,10.1,5.3,6.2,0.3,1.1,10.8,12.5,,-0.1,0.2,0.1,0.009,,-3.8,-1.5,-5.4,-0.6
Cole Aldrich\aldrico01,MIN,C,29,21,49,6,0.34,0,0.4,7,28.6,17.6,8.2,2,1.8,5.4,16.8,,-0.1,0.1,0,-0.013,,-6.8,-0.7,-7.5,-0.1
LaMarcus Aldridge\aldrila01,SAS,C,32,75,2509,25,0.57,0.068,0.296,10.8,17.3,14,11.3,0.9,3,6.8,29.1,,7.4,3.5,10.9,0.209,,4.3,-0.4,3.9,3.7
Jarrett Allen\allenja01,BRK,C,19,72,1441,17.5,0.636,0.038,0.37,10.5,18.1,14.3,5.4,0.9,4.6,15.1,16.3,,2.7,1.5,4.2,0.141,,-0.9,0.1,-0.8,0.5
Kadeem Allen\allenka01,BOS,PG,25,18,107,2.6,0.366,0.5,0.409,4.1,7.1,5.6,15.2,1.4,1.6,25.7,14.6,,-0.2,0.1,-0.1,-0.038,,-8.3,0.6,-7.7,-0.2
Tony Allen\allento01,NOP,SF,36,22,273,8.7,0.514,0.132,0.231,8.2,10.4,9.3,4.6,1.9,0.9,15.9,18.9,,-0.2,0.2,0.1,0.017,,-5.2,-0.3,-5.5,-0.2
Al-Farouq Aminu\aminual01,POR,PF,27,69,2072,12,0.522,0.582,0.137,5.2,22.3,13.8,5.8,1.9,1.6,11.3,14.8,,0.9,3.2,4.2,0.097,,-0.7,1.1,0.4,1.3
Justin Anderson\anderju01,PHI,SF,24,38,519,13,0.54,0.51,0.188,5.4,13.6,9.6,7.1,1.4,1.1,6.8,19.3,,0.6,0.7,1.2,0.115,,-0.6,-0.3,-0.9,0.1
Kyle Anderson\anderky01,SAS,SF,24,74,1978,15.9,0.582,0.13,0.333,4.7,17.6,11.1,14.7,2.9,2.5,15.8,13.5,,2.4,3.8,6.2,0.151,,-0.4,3.3,2.9,2.4
Ryan Anderson\anderry01,HOU,PF,29,66,1725,12.6,0.592,0.706,0.194,6.2,15.4,10.8,5.1,0.7,1,7.5,14.4,,3.1,1.7,4.8,0.132,,0.9,-0.8,0.1,0.9
Ike Anigbogu\anigbik01,IND,C,19,11,30,21.6,0.558,0,0.667,19,15,16.9,0,1.7,8.9,14.7,20.3,,0.1,0,0.1,0.165,,1.8,0.1,1.9,0
Giannis Antetokounmpo\antetgi01,MIL,PF,23,75,2756,27.3,0.598,0.1,0.457,6.7,25.3,16,23.7,2,3.3,11.7,31.2,,8.3,3.6,11.9,0.207,,5.3,0.9,6.2,5.7
Carmelo Anthony\anthoca01,OKC,PF,33,78,2501,12.7,0.503,0.406,0.165,2.9,17.7,10,6.5,0.9,1.8,7.3,23.2,,1.2,2.5,3.7,0.071,,-0.6,-1.3,-1.9,0
OG Anunoby\anunoog01,TOR,SF,20,74,1481,10,0.587,0.569,0.179,3.4,10.4,7,5,1.7,0.8,10.8,12.4,,1.4,1.6,3,0.098,,-1.2,0.6,-0.6,0.5
Ryan Arcidiacono\arcidry01,CHI,PG,23,24,304,7.3,0.55,0.756,0.146,0.3,8.8,4.4,15.5,2.1,0,23,8.1,,0.1,0.2,0.3,0.04,,-4.7,0.6,-4.1,-0.2
Trevor Ariza\arizatr01,HOU,SF,32,67,2269,11.8,0.567,0.71,0.137,1.7,12.9,7.3,6.8,2.1,0.5,7,14.4,,2.6,2.8,5.3,0.113,,0,0.7,0.7,1.5
Darrell Arthur\arthuda01,DEN,PF,29,19,141,8.4,0.559,0.489,0.064,2.4,9.5,6,9.3,2.8,1.8,23.7,19.5,,-0.2,0.1,0,-0.011,,-4.8,-0.5,-5.3,-0.1
Jamel Artis\artisja01,ORL,SG,25,15,279,6.9,0.457,0.367,0.152,1.6,13.5,7.5,9.3,0.4,0.9,8.7,14.5,,-0.1,0.1,0,-0.006,,-3.8,-1.6,-5.4,-0.2
Ömer Aşık\asikom01,TOT,C,31,18,182,3.1,0.397,0,0.591,5.5,22.2,14,2.1,0.5,1.9,24.5,8.7,,-0.2,0.2,-0.1,-0.021,,-6.5,-1.5,-8,-0.3
Ömer Aşık\asikom01,NOP,C,31,14,121,4.5,0.423,0,0.75,6.5,26,16.6,2,0.4,1.3,19,9.4,,-0.1,0.1,0,0.008,,-5.6,-1.4,-7,-0.2
Ömer Aşık\asikom01,CHI,C,31,4,61,0.2,0.311,0,0.167,3.4,14.6,8.8,2.1,0.8,2.9,38.3,7.4,,-0.1,0,-0.1,-0.078,,-8.5,-1.5,-10,-0.1
D.J. Augustin\augusdj01,ORL,PG,30,75,1760,15.4,0.615,0.504,0.35,1.9,8.2,5,24.4,1.5,0,16.5,18.6,,3.3,0.8,4.1,0.11,,1,-1.2,-0.2,0.8
Luke Babbitt\babbilu01,TOT,SF,28,50,715,9.8,0.576,0.726,0.102,1.1,13.9,7.5,6.5,0.5,0.8,7.8,15,,0.5,0.4,0.9,0.06,,-0.9,-1.5,-2.4,-0.1
Luke Babbitt\babbilu01,ATL,SF,28,37,570,12,0.636,0.661,0.131,1,14.9,7.9,7,0.6,0.8,7.8,14.8,,0.9,0.3,1.1,0.094,,0.4,-1.1,-0.7,0.2
Luke Babbitt\babbilu01,MIA,SF,28,13,145,1.3,0.351,0.957,0,1.5,10.1,5.8,4.8,0.3,1.2,7.8,15.8,,-0.3,0.1,-0.2,-0.073,,-5.9,-3.3,-9.2,-0.3
Dwayne Bacon\bacondw01,CHO,SG,22,53,713,5.8,0.431,0.224,0.13,0.6,18.5,9.4,7.5,1.1,0.2,10.2,13.7,,-0.7,0.6,-0.1,-0.007,,-4.8,0.1,-4.7,-0.5
Ron Baker\bakerro01,NYK,SG,24,29,385,9.3,0.504,0.559,0.441,1.4,7.2,4.3,15.5,3.3,1.3,20.4,10,,0.1,0.4,0.5,0.059,,-2.8,2.4,-0.4,0.2
Wade Baldwin\baldwwa01,POR,PG,21,7,80,16.6,0.748,0.238,0.476,1.4,9.5,5.5,9.8,1.2,1,13.6,16.1,,0.2,0.1,0.3,0.187,,0.2,1.7,1.9,0.1
Lonzo Ball\balllo01,LAL,PG,20,52,1780,12.5,0.444,0.523,0.126,4.2,17.3,10.8,29.2,2.4,2,18.6,17.4,,-0.5,2.5,2,0.053,,-0.7,1.6,1,1.3
J.J. Barea\bareajo01,DAL,PG,33,69,1603,17.8,0.545,0.454,0.148,1,13.4,7,45.1,1.1,0.2,16.3,24.9,,2.3,1,3.3,0.098,,2.7,-1.5,1.2,1.3
Harrison Barnes\barneha02,DAL,PF,25,77,2634,15.8,0.539,0.276,0.259,3.1,17.1,9.9,9.9,0.9,0.5,8.1,25.2,,2,1.9,3.8,0.07,,0.8,-1.3,-0.5,1
Will Barton\bartowi01,DEN,SG,27,81,2683,16.2,0.562,0.411,0.22,3,14.2,8.6,18.5,1.5,1.6,11.7,20.7,,4.4,1.8,6.2,0.111,,1.6,-0.4,1.1,2.1
Nicolas Batum\batumni01,CHO,SG,29,64,1981,14.4,0.523,0.422,0.2,3.1,13.8,8.4,26.2,1.6,1,15.6,18.3,,1.7,1.8,3.5,0.084,,0.5,-0.1,0.4,1.2
Jerryd Bayless\bayleje01,PHI,SG,29,39,925,7.5,0.546,0.557,0.168,1.8,7.3,4.7,8,1.2,0.5,14.1,15.1,,0.2,0.9,1.1,0.055,,-2.7,-0.2,-2.8,-0.2
Aron Baynes\baynear01,BOS,C,31,81,1485,12,0.502,0.047,0.175,9.7,22.1,16,9.6,0.7,2.9,14.3,16.8,,0.5,2.5,3,0.097,,-3.6,0.7,-2.9,-0.3
Kent Bazemore\bazemke01,ATL,SG,28,65,1789,14.5,0.547,0.405,0.297,1.6,13.9,7.7,20.1,2.7,2.2,17,22.5,,0.2,2,2.2,0.059,,-0.4,1,0.6,1.2
Bradley Beal\bealbr01,WAS,SG,24,82,2977,18.4,0.564,0.357,0.249,2.3,11.5,6.9,21,1.6,1.1,11.5,27.6,,4.4,2.5,6.9,0.111,,2.9,-0.7,2.2,3.1
Malik Beasley\beaslma01,DEN,SG,21,62,583,9,0.509,0.461,0.185,2.7,11,6.9,7.4,1.3,1,11.1,16.2,,0.1,0.3,0.3,0.028,,-2.4,-1.4,-3.8,-0.3
Michael Beasley\beaslmi01,NYK,PF,29,74,1653,17.8,0.556,0.107,0.197,6.5,21.2,13.9,12.5,1.1,2.3,14,26.9,,0.9,1.5,2.4,0.069,,0.6,-0.8,-0.2,0.7
Marco Belinelli\belinma01,TOT,SG,31,80,1947,14.1,0.581,0.517,0.213,1.1,7.3,4.3,11.9,1.6,0.5,10.1,20.7,,2.4,1.3,3.7,0.092,,0.4,-0.8,-0.5,0.8
Marco Belinelli\belinma01,ATL,SG,31,52,1210,14.1,0.554,0.509,0.225,1.3,7.9,4.6,13.5,1.9,0.2,9.2,21.2,,1.3,0.6,1.9,0.075,,0.6,-0.8,-0.2,0.5
Marco Belinelli\belinma01,PHI,SG,31,28,737,14.2,0.628,0.53,0.194,0.9,6.3,3.7,9.3,1.3,1,11.7,19.8,,1.1,0.7,1.8,0.119,,0,-0.8,-0.8,0.2
Jordan Bell\belljo01,GSW,C,23,57,809,18,0.641,0.022,0.238,8.9,19,14.3,16.9,2.1,5.5,20,13.9,,1.6,1.4,2.9,0.174,,0,2.8,2.8,1
DeAndre' Bembry\bembrde01,ATL,SF,23,26,455,7.6,0.477,0.234,0.258,2,15.7,8.8,15.9,2.3,2.3,24.8,18.2,,-0.9,0.5,-0.4,-0.04,,-5.1,0.3,-4.7,-0.3
Dragan Bender\bendedr01,PHO,PF,20,82,2069,7.1,0.524,0.665,0.105,2,16.8,9.3,8.9,0.5,2.1,18.1,12.7,,-0.7,0.8,0.1,0.001,,-2.9,-0.8,-3.7,-0.9
Dāvis Bertāns\bertada01,SAS,PF,25,77,1086,14.1,0.588,0.689,0.134,1.8,13.9,7.8,10.3,1.2,2.1,8.5,17.4,,1.6,1.4,3.1,0.135,,1,0.6,1.6,1
Patrick Beverley\beverpa01,LAC,SG,29,11,334,12.4,0.53,0.504,0.143,5.3,9.4,7.4,13.8,2.8,1.3,16.5,19.6,,0.1,0.3,0.4,0.056,,-0.3,0.8,0.5,0.2
Khem Birch\birchkh01,ORL,C,25,42,578,16.4,0.582,0,0.484,13.2,21.1,17.1,8.5,1.3,2.9,12.1,13.2,,1.2,0.6,1.8,0.15,,-0.7,-0.2,-0.9,0.2
Jabari Bird\birdja01,BOS,SG,23,13,115,12.1,0.615,0.269,0.5,5.8,12.2,9,10.5,1.3,0.7,20.1,15.4,,0.1,0.2,0.2,0.098,,-2.7,-0.4,-3.1,0
Bismack Biyombo\biyombi01,ORL,C,25,82,1495,14.1,0.556,0.003,0.446,10.5,24,17.2,6.5,0.7,5.1,16.6,14.9,,1.1,1.8,2.9,0.094,,-2.6,0.2,-2.4,-0.2
Nemanja Bjelica\bjeline01,MIN,PF,29,67,1371,12.6,0.581,0.493,0.121,4.4,18.8,11.5,8.7,1.8,1,11.7,14.3,,1.7,1.1,2.8,0.097,,-0.1,0.2,0.1,0.7
Tarik Black\blackta01,HOU,C,26,51,536,14.3,0.582,0.087,0.496,13.4,20.9,17.1,3.7,1.9,4.8,18.4,15.6,,0.5,1,1.5,0.136,,-3.7,1.2,-2.6,-0.1
Antonio Blakeney\blakean01,CHI,SG,21,19,314,10.1,0.471,0.364,0.273,1.3,10.3,5.6,10.1,1.1,0.3,6.4,23.7,,-0.2,0.1,0,-0.006,,-2.8,-2.4,-5.2,-0.3
Eric Bledsoe\bledser01,TOT,PG,28,74,2322,19.7,0.582,0.364,0.321,2.6,11.7,7.1,25.7,3.2,1.5,16.1,26.1,,3.1,2.5,5.6,0.116,,2.3,0.3,2.5,2.6
Eric Bledsoe\bledser01,PHO,PG,28,3,83,13,0.509,0.325,0.35,3.8,5.2,4.5,17.9,2.3,1.9,17.8,28.7,,-0.1,0,0,-0.028,,-0.7,-2.4,-3.2,0
Eric Bledsoe\bledser01,MIL,PG,28,71,2239,20,0.585,0.366,0.319,2.5,11.9,7.2,26,3.2,1.5,16,26,,3.2,2.4,5.7,0.121,,2.4,0.4,2.8,2.7
Vander Blue\blueva01,LAL,SG,25,5,45,-1.8,0.255,0.4,0.4,0,2.3,1.2,8.2,1.1,0,33.8,8.4,,-0.1,0,-0.1,-0.103,,-7.6,-0.7,-8.4,-0.1
Bogdan Bogdanović\bogdabo01,SAC,SG,25,78,2175,13.5,0.556,0.426,0.154,1.6,10.5,5.8,18.3,1.7,0.7,13.2,19.6,,1.8,1.1,2.9,0.064,,-0.6,-0.9,-1.5,0.3
Bojan Bogdanović\bogdabo02,IND,SF,28,80,2464,13.9,0.605,0.453,0.241,1.4,10.9,6.2,7.1,1.1,0.3,10.1,19,,3.8,1.6,5.4,0.105,,0.5,-1.2,-0.7,0.8
Andrew Bogut\bogutan01,LAL,C,33,24,216,10.9,0.696,0,0.08,12.9,25.4,19.2,9.1,0.9,4.9,42.3,8.8,,0.1,0.3,0.4,0.094,,-4.7,1.9,-2.8,-0.1
Joel Bolomboy\bolomjo01,MIL,PF,24,6,38,11.7,0.521,0.167,1,18.6,12.3,15.4,0,2.6,0,18.8,12.6,,0,0,0.1,0.079,,-2.6,-2.4,-5,0
Devin Booker\bookede01,PHO,SG,21,54,1865,18.1,0.561,0.364,0.312,1.5,12.7,7,24.4,1.2,0.6,13.9,31.7,,1.9,0.6,2.4,0.063,,2.9,-2,0.9,1.4
Trevor Booker\booketr01,TOT,PF,30,68,1158,14.9,0.557,0.096,0.271,11.1,18.6,14.9,10.8,1.2,1.5,13.3,16.6,,1.6,1.3,2.9,0.121,,-0.6,0,-0.6,0.4
Trevor Booker\booketr01,BRK,PF,30,18,395,15.4,0.536,0.08,0.287,10.1,22,16,16.2,1,0.9,15.1,21.8,,0.3,0.3,0.6,0.072,,-1.1,-0.5,-1.7,0
Trevor Booker\booketr01,PHI,PF,30,33,494,14.5,0.618,0.064,0.358,10.7,15.7,13.3,7.6,1.6,1.9,13.7,12.6,,1,0.7,1.7,0.163,,-0.3,0.9,0.7,0.3
Trevor Booker\booketr01,IND,PF,30,17,269,14.7,0.512,0.167,0.131,13.5,18.8,16.2,9,0.7,1.6,9.2,16.2,,0.4,0.2,0.7,0.118,,-0.3,-0.8,-1.1,0.1
Chris Boucher\bouchch01,GSW,PF,25,1,1,-28.5,0,1,0,0,100,55.9,0,0,0,0,43.9,,0,0,0,-0.899,,-21.7,-11.4,-33.1,0
Avery Bradley\bradlav01,TOT,SG,27,46,1433,9.6,0.496,0.325,0.131,1.7,7.3,4.5,10.4,1.8,0.5,13.3,23.5,,-1.4,1.2,-0.2,-0.007,,-3,-1,-4,-0.7
Avery Bradley\bradlav01,DET,SG,27,40,1268,9.7,0.497,0.34,0.14,1.6,6.7,4.1,10.5,1.8,0.5,13.3,24.4,,-1.4,1.1,-0.2,-0.009,,-2.8,-1.1,-3.9,-0.6
Avery Bradley\bradlav01,LAC,SG,27,6,165,9,0.492,0.164,0.036,2,12.5,7.3,9.8,1.5,0.5,12.5,16.7,,-0.1,0.1,0,0.009,,-4.1,-0.3,-4.4,-0.1
Tony Bradley\bradlto01,UTA,C,20,9,29,9.5,0.337,0.091,0.182,15.8,27.1,21.5,5,0,0,0,18.4,,0,0,0,0.033,,-3,-4.5,-7.5,0
Corey Brewer\breweco01,TOT,SF-SG,31,72,1208,11.2,0.534,0.348,0.285,3.8,10,6.9,7.5,3.2,1,12.1,14.3,,0.7,1.6,2.3,0.091,,-3.2,1.9,-1.3,0.2
Corey Brewer\breweco01,LAL,SF,31,54,694,8.9,0.509,0.25,0.297,3.6,10.7,7.1,8.1,2.8,0.9,16.3,14.2,,-0.2,0.9,0.7,0.048,,-4.7,1.6,-3.1,-0.2
Corey Brewer\breweco01,OKC,SG,31,18,514,14.2,0.565,0.465,0.271,4.2,9.2,6.6,6.7,3.7,1.1,6.4,14.4,,0.9,0.7,1.6,0.15,,-1.2,2.3,1.1,0.4
Malcolm Brogdon\brogdma01,MIL,PG,25,48,1436,14.3,0.578,0.32,0.169,1.9,10.8,6.4,16.3,1.4,0.8,10.9,19.1,,2,0.7,2.7,0.091,,-0.1,-1,-1.2,0.3
Aaron Brooks\brookaa01,MIN,PG,33,32,189,9.8,0.508,0.449,0.159,4.2,6.2,5.2,15.1,1.6,0,13,19.9,,0.1,0.1,0.1,0.033,,-2.6,-1.3,-3.8,-0.1
Dillon Brooks\brookdi01,MEM,SF,22,82,2350,9.8,0.531,0.342,0.215,2.4,10.5,6.3,9.3,1.6,0.7,12.8,18.5,,0.1,1.1,1.2,0.024,,-2.9,-1.1,-4,-1.2
MarShon Brooks\brookma01,MEM,SG,29,7,193,26.1,0.629,0.314,0.225,4.7,8,6.3,25.9,2.9,1.5,12.5,29.8,,0.6,0.2,0.7,0.179,,7.5,-0.4,7.1,0.4
Anthony Brown\brownan02,MIN,SF,25,1,4,41.9,1.5,1,0,0,0,0,41.7,0,0,0,11.1,,0,0,0,0.571,,26.2,4.3,30.5,0
Bobby Brown\brownbo02,HOU,PG,33,20,115,5.5,0.425,0.69,0.034,0,6.8,3.4,15,1.7,0,13.3,26.1,,-0.3,0.1,-0.2,-0.08,,-4.9,-2.3,-7.2,-0.2
Jaylen Brown\brownja02,BOS,SG,21,70,2152,13.6,0.562,0.381,0.29,3.4,14,8.8,8.5,1.6,1,12,21.4,,1.2,3.2,4.5,0.1,,-0.8,0.3,-0.5,0.8
Lorenzo Brown\brownlo01,TOR,PG,27,14,139,8.2,0.459,0.353,0.059,0.8,11.1,6,12.4,1.8,0,7.9,11.9,,0,0.1,0.2,0.06,,-3.9,1.5,-2.5,0
Markel Brown\brownma02,HOU,SG,26,4,31,-1.2,0.357,0.714,0,3.7,14.4,9.1,8.7,0,0,22.2,12.8,,-0.1,0,0,-0.063,,-8.8,-2,-10.8,-0.1
Sterling Brown\brownst02,MIL,SG,22,54,776,9.1,0.503,0.444,0.117,4.1,17.5,10.8,4.5,2,1.4,10.4,14,,0,0.7,0.7,0.043,,-2.8,-0.2,-3.1,-0.2
Nicolás Brussino\brussni01,ATL,SF,24,4,10,-4.6,0,1,0,0,33.5,16.7,0,0,0,0,8.7,,0,0,0,-0.18,,-8.1,-3.2,-11.3,0
Thomas Bryant\bryanth01,LAL,C,20,15,72,9.9,0.441,0.476,0.429,4.5,20.5,12.6,11.5,0.7,2.3,7.4,15.9,,0,0.1,0.1,0.05,,-3.1,-0.2,-3.3,0
Reggie Bullock\bullore01,DET,SF,26,62,1732,13.6,0.615,0.515,0.09,1.7,8.3,4.9,8.4,1.4,0.7,7.6,15.7,,2.8,1.4,4.2,0.117,,0.7,0,0.7,1.2
Trey Burke\burketr01,NYK,PG,25,36,785,21,0.563,0.273,0.148,1.8,8.2,5,36.4,1.5,0.4,9.5,25.1,,2,0.3,2.4,0.145,,3.9,-1.4,2.5,0.9
Alec Burks\burksal01,UTA,SG,26,64,1059,13.1,0.527,0.343,0.3,2.1,18.4,10.3,10,1.8,0.6,11.4,22.5,,0.2,1.6,1.9,0.084,,-1.3,0.4,-0.9,0.3
Jimmy Butler\butleji01,MIN,SG,28,59,2164,23.7,0.59,0.217,0.461,4.2,12.7,8.4,20.6,2.7,1,8.9,24.9,,7.1,1.8,8.9,0.198,,5,0.7,5.8,4.2
Dwight Buycks\buyckdw01,DET,PG,28,29,427,12.8,0.498,0.227,0.207,3,7.7,5.3,22.4,2.2,0.4,15.3,26.4,,-0.2,0.4,0.2,0.027,,-2.3,-0.7,-3.1,-0.1
Bruno Caboclo\cabocbr01,TOT,SF,22,12,107,7.4,0.386,0.548,0.194,7.1,16.6,11.7,5,1.4,3.5,10.6,15.8,,-0.1,0.1,0,-0.021,,-4.8,-1,-5.8,-0.1
Bruno Caboclo\cabocbr01,TOR,SF,22,2,7,-0.1,0,1,0,0,15.7,8,16.7,7,0,0,12.5,,0,0,0,-0.113,,-8.2,5.7,-2.6,0
Bruno Caboclo\cabocbr01,SAC,SF,22,10,100,7.9,0.411,0.517,0.207,7.6,16.6,12,4.2,1,3.8,11.2,16,,-0.1,0.1,0,-0.015,,-4.5,-1.5,-6.1,-0.1
José Calderón\caldejo01,CLE,PG,36,57,914,11.3,0.643,0.524,0.162,1.7,8.5,5.2,17.4,1.4,0.2,17.1,11.6,,1.5,0.3,1.8,0.095,,-1.4,-0.5,-1.9,0
Kentavious Caldwell-Pope\caldwke01,LAL,SG,24,74,2458,13.2,0.561,0.52,0.243,2.6,14.1,8.4,9.4,2.1,0.5,9.9,16.9,,2.6,2.7,5.3,0.103,,-0.4,0.6,0.3,1.4
Isaiah Canaan\canaais01,TOT,PG-SG,26,20,422,13.5,0.539,0.482,0.372,1.5,10,5.7,26.7,1.8,0.2,15.4,18.9,,0.5,0.1,0.6,0.072,,-0.5,-0.7,-1.3,0.1
Isaiah Canaan\canaais01,HOU,SG,26,1,4,-7.3,0,0,0,0,27.9,14.1,0,0,0,0,11,,0,0,0,-0.224,,-12.4,-4.5,-16.9,0
Isaiah Canaan\canaais01,PHO,PG,26,19,418,13.7,0.543,0.485,0.375,1.5,9.9,5.6,26.9,1.8,0.2,15.5,19,,0.5,0.1,0.7,0.075,,-0.4,-0.7,-1.1,0.1
Clint Capela\capelca01,HOU,C,23,74,2034,24.5,0.65,0.001,0.38,13.5,30.8,22.2,5.7,1.4,5.7,11.5,19.4,,6.2,4.1,10.2,0.242,,2.4,1,3.4,2.8
DeMarre Carroll\carrode01,BRK,PF,31,73,2180,14.3,0.55,0.498,0.313,5.1,18.4,11.7,10.5,1.3,1,10.3,19.8,,2.3,1.8,4.1,0.091,,0.5,-0.4,0.2,1.2
Vince Carter\cartevi01,SAC,SF,41,58,1026,10.8,0.523,0.583,0.131,1.9,15.1,8.2,9.7,2.1,2.4,10.7,14.7,,0.3,0.9,1.2,0.056,,-1.9,0.7,-1.2,0.2
Michael Carter-Williams\cartemi01,CHO,PG,26,52,835,10.8,0.446,0.258,0.389,4.7,13.3,8.9,19.4,2.6,2.3,16.2,16.6,,-0.2,1.1,0.9,0.05,,-3.3,1.8,-1.5,0.1
Alex Caruso\carusal01,LAL,PG,23,37,562,8.7,0.519,0.371,0.259,2.9,9.4,6.2,17.8,2,1.4,24.5,12.9,,-0.1,0.6,0.5,0.041,,-3.8,0.9,-2.9,-0.1
Omri Casspi\casspom01,GSW,SF,29,53,740,15.5,0.632,0.106,0.333,4.9,24,15.1,9.5,1.2,2,13.5,16.3,,1.2,1,2.2,0.141,,-0.9,0,-0.9,0.2
Willie Cauley-Stein\caulewi01,SAC,C,24,73,2044,17.6,0.529,0.016,0.32,7,22,14.2,13.7,1.9,3.1,11,21.8,,1.7,2.2,3.9,0.092,,-0.4,0.3,-0.1,1
Tyler Cavanaugh\cavanty01,ATL,PF,23,39,518,13,0.567,0.586,0.138,9.7,17.7,13.7,7.8,0.8,0.7,8,14.8,,0.9,0.3,1.2,0.109,,-0.4,-1.5,-1.9,0
Mario Chalmers\chalmma01,MEM,PG,31,66,1421,10.4,0.503,0.431,0.312,1,12,6.4,21.5,2.8,0.9,18.8,19.6,,-0.6,1.3,0.6,0.021,,-3.7,0.5,-3.2,-0.4
Tyson Chandler\chandty01,PHO,C,35,46,1151,14.2,0.658,0,0.497,12.2,26.8,19.4,6.6,0.7,1.9,20.6,10.6,,1.9,0.8,2.7,0.111,,-0.8,-0.6,-1.4,0.2
Wilson Chandler\chandwi01,DEN,SF,30,74,2346,10.9,0.542,0.39,0.181,4.9,14.1,9.6,9.4,0.9,1.4,11.9,14.3,,2.1,1.2,3.3,0.067,,-1,-1.1,-2.1,-0.1
Marquese Chriss\chrisma01,PHO,PF,20,72,1527,11.1,0.509,0.398,0.331,5.2,22.7,13.8,8.1,1.6,3.7,16.4,18.1,,-0.8,1.5,0.7,0.023,,-3.2,0.4,-2.8,-0.3
Ian Clark\clarkia01,NOP,SG,26,74,1455,9.4,0.529,0.394,0.119,0.8,8.4,4.7,10.4,1.1,0.5,9.9,17.2,,0.3,0.8,1.1,0.037,,-2.7,-0.8,-3.5,-0.6
Jordan Clarkson\clarkjo01,TOT,SG,25,81,1888,16.4,0.542,0.333,0.199,3.3,9.1,6.2,19.3,1.5,0.3,10.9,26.5,,1.9,1.2,3,0.077,,1.5,-1.4,0.1,1
Jordan Clarkson\clarkjo01,LAL,SG,25,53,1256,16.9,0.532,0.315,0.198,3.8,9.7,6.7,22.9,1.5,0.2,11.6,27.7,,1.1,1,2.1,0.08,,1.9,-1.1,0.8,0.9
Jordan Clarkson\clarkjo01,CLE,SG,25,28,632,15.4,0.565,0.376,0.202,2.3,7.9,5.1,12,1.5,0.4,9.3,24.1,,0.8,0.2,1,0.073,,0.5,-1.8,-1.3,0.1
Gian Clavell\clavegi01,DAL,SG,24,7,64,7.4,0.53,0.833,0.111,1.7,10.8,6.1,6.7,1.6,0,9.6,14.8,,0,0,0.1,0.042,,-2.7,0.5,-2.2,0
Antonius Cleveland\clevean01,TOT,SG,23,17,123,4.5,0.486,0.19,0.286,2.7,10.2,6.3,2.2,2.8,3.6,22.8,11.1,,-0.2,0.2,0,-0.006,,-7.6,2.4,-5.2,-0.1
Antonius Cleveland\clevean01,DAL,SG,23,13,81,5.1,0.317,0.071,0.286,2.6,11.4,6.9,3.3,3.7,4.4,11.3,10,,-0.1,0.1,0,-0.005,,-7.3,4,-3.3,0
Antonius Cleveland\clevean01,ATL,SG,23,4,42,3.5,0.825,0.429,0.286,2.7,8,5.3,0,1.2,2,38.8,13.4,,0,0,0,-0.009,,-8.3,-0.7,-9,-0.1
John Collins\collijo01,ATL,PF,20,74,1785,18.3,0.62,0.086,0.341,11,22.8,16.9,8.9,1.3,3.8,14.3,17.9,,3.4,2,5.4,0.145,,-0.4,0.2,-0.2,0.8
Zach Collins\colliza01,POR,C,20,66,1045,7.5,0.475,0.391,0.145,4.7,18.2,11.5,7.1,0.8,2.4,15.9,15.4,,-0.7,1.3,0.6,0.03,,-4.5,0.2,-4.3,-0.6
Kyle Collinsworth\colliky01,DAL,SF,26,32,480,10,0.433,0.172,0.404,7.2,18,12.4,16.4,1.8,1.7,17.1,13.3,,-0.1,0.5,0.5,0.046,,-3.6,0.9,-2.6,-0.1
Darren Collison\collida01,IND,PG,30,69,2018,18.8,0.61,0.321,0.226,2.1,7.8,5,26.4,2.3,0.7,10.9,17.4,,5.8,1.8,7.6,0.181,,2.4,0.3,2.7,2.4
Nick Collison\collini01,OKC,PF,37,15,75,13.2,0.627,0,0.684,10,19.9,14.8,8.2,0,0,22.1,18.2,,0.1,0,0.1,0.064,,-2.3,-1.9,-4.2,0
Mike Conley\conlemi01,MEM,PG,30,12,373,15.4,0.52,0.458,0.393,0,8.6,4.2,22.2,1.6,0.8,8.4,25.9,,0.4,0.2,0.6,0.077,,1.3,-0.8,0.5,0.2
Pat Connaughton\connapa01,POR,SG,25,82,1488,9.3,0.539,0.538,0.113,2.7,9.1,5.9,8.7,0.8,1.2,9.5,13.4,,1.2,1.3,2.5,0.08,,-1.7,-0.1,-1.8,0.1
Quinn Cook\cookqu01,GSW,PG,24,33,740,12.8,0.593,0.413,0.099,1.6,10.2,6.2,16.6,0.8,0.1,10.8,17.5,,1.1,0.4,1.6,0.101,,-0.1,-1.5,-1.6,0.1
Charles Cooke\cookech01,NOP,SG,23,13,38,-5.1,0.202,0.571,0.143,0,5.5,2.9,3.2,1.3,0,6.3,18.1,,-0.2,0,-0.2,-0.239,,-10.4,-4,-14.4,-0.1
Jack Cooley\cooleja01,SAC,PF,26,7,87,19.7,0.566,0,0.704,17.6,21.9,19.6,10.5,0.6,0,7.8,19.8,,0.3,0,0.3,0.182,,0.9,-1.4,-0.6,0
Matt Costello\costema01,SAS,C,24,4,32,9.7,0.5,0,0,3.4,27.9,15.6,8.3,3.2,5.2,20,7,,0,0.1,0.1,0.127,,-6,5.3,-0.7,0
DeMarcus Cousins\couside01,NOP,C,27,48,1737,22.6,0.583,0.34,0.456,6.8,30.9,19.2,23,2.2,3.5,18.9,31.9,,1.5,3.2,4.7,0.13,,2.5,2.2,4.7,2.9
Robert Covington\covinro01,PHI,SF,27,80,2532,12.9,0.563,0.658,0.163,2.4,15.5,9.2,8.7,2.6,2.4,12.3,17.2,,1.6,4.5,6.1,0.116,,-0.2,1.7,1.5,2.3
Allen Crabbe\crabbal01,BRK,SG,25,75,2197,12.3,0.558,0.643,0.163,1.3,14.4,7.8,8.4,1,1.2,8.1,19,,1.8,1.4,3.2,0.07,,0,-0.7,-0.7,0.7
Torrey Craig\craigto01,DEN,SF,27,39,629,9.8,0.535,0.423,0.255,7.2,15.5,11.4,5.4,0.9,2,11.6,11.9,,0.5,0.4,0.9,0.069,,-2.2,-0.7,-2.9,-0.1
Jamal Crawford\crawfja01,MIN,SG,37,80,1653,13,0.519,0.423,0.152,1.4,5.5,3.5,16.9,1.2,0.5,10.7,23.7,,0.9,0.3,1.3,0.037,,0.1,-2.5,-2.3,-0.1
Jordan Crawford\crawfjo02,NOP,SG,29,5,53,19.1,0.601,0.519,0.037,4.2,4,4.1,37.7,0.9,1.5,15.4,26.5,,0.1,0,0.2,0.15,,4.9,-0.7,4.2,0.1
Jae Crowder\crowdja01,TOT,SF,27,80,2090,10.4,0.525,0.508,0.221,3.2,11.5,7.4,6.9,1.5,0.9,9.1,17.3,,1,1.6,2.6,0.06,,-1.9,-0.6,-2.5,-0.3
Jae Crowder\crowdja01,CLE,SF,27,53,1346,10.2,0.545,0.503,0.245,3.5,10.8,7.2,6,1.5,0.8,9.2,15.1,,1.1,0.6,1.7,0.059,,-1.9,-1,-3,-0.3
Jae Crowder\crowdja01,UTA,SF,27,27,744,10.8,0.499,0.515,0.19,2.8,12.7,7.8,8.6,1.6,1,9.1,21.3,,-0.1,1,0.9,0.06,,-1.9,0.2,-1.7,0.1
Dante Cunningham\cunnida01,TOT,SF,30,73,1562,10,0.539,0.462,0.143,5.5,14.9,10.3,4.3,1.2,1.5,7.9,11.6,,1.1,1.3,2.4,0.074,,-1.5,-0.2,-1.7,0.1
Dante Cunningham\cunnida01,NOP,SF,30,51,1115,8.4,0.525,0.48,0.16,5,13.4,9.4,3,1.2,1.1,6.2,10,,0.7,0.9,1.6,0.067,,-1.9,-0.1,-2,0
Dante Cunningham\cunnida01,BRK,SF,30,22,447,13.8,0.561,0.432,0.115,6.6,18.5,12.5,7.6,1.3,2.3,10.4,15.8,,0.4,0.4,0.9,0.092,,-0.6,-0.4,-0.9,0.1
Stephen Curry\curryst01,GSW,PG,29,51,1631,28.2,0.675,0.58,0.35,2.7,14.4,9,30.3,2.4,0.4,13.3,31,,7.2,1.9,9.1,0.267,,7.8,0,7.7,4
Troy Daniels\danietr01,PHO,SG,26,79,1622,9.8,0.583,0.797,0.111,0.8,7.7,4.2,4.5,0.8,0.2,8.5,17.2,,1.4,0,1.4,0.042,,-0.5,-2.1,-2.6,-0.3
Anthony Davis\davisan02,NOP,PF,24,75,2727,28.9,0.612,0.111,0.409,7.7,24.8,16.5,10.8,2,5.6,8.6,30,,8.8,4.9,13.7,0.241,,5.3,1.4,6.7,5.9
Deyonta Davis\davisde01,MEM,C,21,62,943,16.6,0.621,0,0.215,9,22,15.3,7.1,0.8,3.9,9.9,15.3,,1.9,0.8,2.7,0.138,,-0.9,-0.6,-1.5,0.1
Ed Davis\davised01,POR,C,28,78,1471,15.5,0.607,0.003,0.38,13.7,28.8,21.3,3.9,1.1,2.9,16.2,12.1,,2.5,2.5,5,0.164,,-1.2,0.6,-0.6,0.5
Dewayne Dedmon\dedmode01,ATL,C,28,62,1542,15.8,0.599,0.296,0.18,7.2,28.1,17.7,9.2,1.3,2.8,14.3,17,,1.8,1.9,3.7,0.114,,-0.4,0.5,0.1,0.8
Sam Dekker\dekkesa01,LAC,PF,23,73,883,11.5,0.534,0.232,0.216,5.6,16,10.8,6.2,1.3,0.9,10.4,15.5,,0.6,0.6,1.2,0.066,,-2.3,-0.6,-2.9,-0.2
Malcolm Delaney\delanma01,ATL,PG,28,54,1014,10.6,0.519,0.435,0.323,1,10,5.5,23.4,1.7,0.5,16.9,16.9,,0.4,0.6,1,0.047,,-2.2,-0.4,-2.6,-0.1
Matthew Dellavedova\dellama01,MIL,PG,27,38,712,8.6,0.5,0.513,0.178,2.3,8.2,5.3,27.4,1,0,23,13.5,,0.3,0.2,0.5,0.032,,-2.4,-2,-4.4,-0.4
Luol Deng\denglu01,LAL,SF,32,1,13,5.5,0.5,0,0,0,0,0,10.1,3.7,0,33.3,9.8,,0,0,0,-0.018,,-5.3,2.4,-2.9,0
DeMar DeRozan\derozde01,TOR,SG,28,80,2711,21,0.555,0.203,0.396,2.5,10.4,6.5,25,1.5,0.6,9.5,29.6,,6.8,2.8,9.6,0.17,,3.3,-0.6,2.8,3.2
Cheick Diallo\diallch01,NOP,PF,21,52,581,17,0.619,0,0.375,9.1,29.6,19.7,4.7,0.9,2.9,12,17.4,,1.1,0.8,1.9,0.157,,-1.3,0.1,-1.2,0.1
Gorgui Dieng\dienggo01,MIN,C,28,79,1333,14.7,0.543,0.157,0.263,9.1,22.2,15.6,7.5,1.7,2.6,12,16.3,,1.6,1.4,2.9,0.105,,-0.9,-0.1,-1,0.3
Spencer Dinwiddie\dinwisp01,BRK,PG,24,80,2306,15.9,0.527,0.517,0.32,1.8,10.2,6,35,1.4,0.7,11.8,20.3,,4.3,1.4,5.7,0.118,,1.3,-0.7,0.6,1.5
Tyler Dorsey\dorsety01,ATL,SG,21,56,974,10,0.494,0.521,0.165,1.9,12.9,7.4,12.5,0.9,0.4,8.3,20,,0,0.4,0.4,0.02,,-1.4,-1.5,-2.9,-0.2
Damyean Dotson\dotsoda01,NYK,SG,23,44,474,11.6,0.532,0.422,0.143,2.1,17.5,9.8,9.5,1.3,0.4,9,17.3,,0.3,0.3,0.6,0.06,,-1.6,-0.6,-2.3,0
Milton Doyle\doylemi01,BRK,SG,24,10,125,5.2,0.337,0.489,0.17,2.5,12.9,7.6,11.7,2.3,1.2,3.8,18.2,,-0.3,0.1,-0.1,-0.052,,-6.6,-0.2,-6.8,-0.1
PJ Dozier\doziepj01,OKC,PG,21,2,3,-5,0.5,0,0,0,38.3,18.5,0,0,0,33.3,42.9,,0,0,0,-0.404,,-17.7,-2.7,-20.4,0
Goran Dragić\dragigo01,MIA,PG,31,75,2378,16.6,0.543,0.279,0.252,2.5,11.9,7.2,25.4,1.3,0.4,12.2,25.7,,2.9,2.3,5.3,0.106,,0.9,-0.6,0.3,1.4
Larry Drew II\drewla02,TOT,PG,27,10,70,2.9,0.354,0.375,0,4.8,0,2.3,18.5,0,0,11.1,16.6,,-0.1,0,-0.1,-0.061,,-5.6,-3.4,-9,-0.1
Larry Drew II\drewla02,PHI,PG,27,3,15,-9.4,0.143,0.429,0,7.5,0,3.6,17.1,0,0,12.5,22.8,,-0.1,0,-0.1,-0.299,,-15.2,-7.4,-22.6,-0.1
Larry Drew II\drewla02,NOP,PG,27,7,55,6.3,0.441,0.353,0,4.1,0,2,18.9,0,0,10.5,15,,0,0,0,0.003,,-3,-2.3,-5.3,0
Andre Drummond\drumman01,DET,C,24,78,2625,22.9,0.555,0.012,0.448,16.4,36.4,26.2,14.3,2.2,4.3,15.9,21.2,,4.6,5.7,10.3,0.189,,1.5,1.7,3.2,3.4
Jared Dudley\dudleja01,PHO,PF,32,48,686,8.8,0.553,0.656,0.287,1.2,13.6,7.3,15.6,1.7,1.3,16.9,10.2,,0.5,0.4,0.8,0.058,,-3,0.5,-2.5,-0.1
Kris Dunn\dunnkr01,CHI,PG,23,52,1525,14.5,0.488,0.201,0.171,1.6,14.4,7.8,33.3,3.3,1.6,17.3,24.7,,-1,1.9,0.9,0.027,,-2.4,1.1,-1.3,0.3
Kevin Durant\duranke01,GSW,SF,29,68,2325,26,0.64,0.338,0.331,1.6,19.5,11.2,25.5,1,4,12.9,30.4,,7.5,2.9,10.4,0.215,,6.7,0.6,7.3,5.5
Jarell Eddie\eddieja01,TOT,SF,26,3,9,-1.9,0,1,0,0,12,6.1,0,5.6,0,0,9.8,,0,0,0,-0.142,,-9.1,0.8,-8.3,0
Jarell Eddie\eddieja01,BOS,SF,26,2,6,4,0,1,0,0,18,9.1,0,8.3,0,0,7.4,,0,0,0,-0.026,,-7,5.6,-1.3,0
Jarell Eddie\eddieja01,CHI,SF,26,1,3,-13.5,0,1,0,0,0,0,0,0,0,0,14.5,,0,0,0,-0.373,,-13.3,-8.8,-22.1,0
Henry Ellenson\ellenhe01,DET,PF,21,38,329,10.5,0.476,0.411,0.199,3.3,24.3,13.6,9.4,0.8,0,10.2,23.8,,-0.2,0.4,0.1,0.02,,-2.6,-1.9,-4.4,-0.2
Wayne Ellington\ellinwa01,MIA,SG,30,77,2041,12.5,0.588,0.827,0.111,1.3,10.7,6,5.9,1.3,0.3,6.6,17.3,,2.6,1.9,4.5,0.105,,1,-0.6,0.4,1.2
Joel Embiid\embiijo01,PHI,C,23,63,1912,22.9,0.573,0.203,0.442,8.4,29.7,19.4,18,1,4.8,15.6,33.4,,2.3,3.8,6.2,0.155,,2,1.3,3.3,2.6
James Ennis\ennisja01,TOT,SF,27,72,1604,11.6,0.588,0.398,0.302,5.1,11,8,6.6,1.5,1,11.4,13.7,,2,1.1,3.1,0.092,,-1.1,-0.1,-1.2,0.3
James Ennis\ennisja01,MEM,SF,27,45,1053,11.9,0.61,0.378,0.329,5.7,11.7,8.6,7,1.5,1.1,13,12.5,,1.5,0.6,2,0.093,,-0.5,-0.1,-0.6,0.4
James Ennis\ennisja01,DET,SF,27,27,551,11.2,0.558,0.426,0.265,3.9,9.6,6.7,5.9,1.4,1,9,16,,0.5,0.5,1,0.09,,-2.2,-0.2,-2.3,-0.1
Tyler Ennis\ennisty01,LAL,PG,23,54,683,11.1,0.473,0.25,0.129,3,11.8,7.4,21.9,2.1,1.2,13.8,17.1,,0.1,0.7,0.8,0.058,,-3,0.9,-2.1,0
Jawun Evans\evansja01,LAC,PG,21,48,778,7.2,0.421,0.213,0.194,1.3,10.4,5.9,17.8,2.3,0.6,13.8,17.7,,-0.8,0.6,-0.2,-0.011,,-5.4,0.4,-5,-0.6
Jeremy Evans\evansje01,ATL,SF,30,1,5,10.4,1,0,0,22.3,0,11.2,0,0,0,50,17.5,,0,0,0,-0.028,,-5.7,-4.2,-9.9,0
Tyreke Evans\evansty01,MEM,PG,28,52,1607,21.1,0.561,0.354,0.258,3.1,16.3,9.5,31.2,1.8,1,11.5,28.4,,3.1,1.2,4.2,0.126,,4.9,-0.5,4.5,2.6
Dante Exum\exumda01,UTA,PG,22,14,235,16.7,0.566,0.207,0.356,2,10.5,6.3,29.7,1.7,1.1,16.6,23.1,,0.3,0.3,0.7,0.133,,-0.3,0.4,0.1,0.1
Kenneth Faried\farieke01,DEN,PF,28,32,461,17.4,0.552,0.007,0.345,16.7,20.7,18.7,5.8,1.3,2.4,11.9,18.3,,0.9,0.4,1.3,0.132,,-0.3,-1.7,-2.1,0
Derrick Favors\favorde01,UTA,C,26,77,2153,18.8,0.593,0.09,0.306,10.6,18.5,14.6,7.8,1.3,3.2,9.9,18.5,,4.5,3.5,8,0.179,,0.9,0.7,1.5,1.9
Kay Felder\feldeka01,TOT,PG,22,16,140,3.6,0.379,0.271,0.171,2.3,12,6.9,22,1,0.6,17.5,28.4,,-0.6,0.1,-0.5,-0.175,,-7.7,-3.4,-11.1,-0.3
Kay Felder\feldeka01,CHI,PG,22,14,134,3.6,0.386,0.273,0.182,0.8,10.8,5.6,23,1.1,0.7,17.4,28,,-0.5,0.1,-0.5,-0.168,,-7.4,-3.2,-10.7,-0.3
Kay Felder\feldeka01,DET,PG,22,2,6,2,0.25,0.25,0,36,37.6,36.8,0,0,0,20,36.9,,0,0,0,-0.336,,-12.9,-8.5,-21.4,0
Cristiano Felício\feliccr01,CHI,C,25,55,977,12.5,0.614,0.009,0.377,8.8,17.1,12.8,8.4,0.8,1,17.7,13.6,,1.2,0.5,1.7,0.086,,-2.8,-1.1,-3.9,-0.5
Raymond Felton\feltora01,OKC,PG,33,82,1365,13,0.494,0.417,0.08,2,11,6.3,22.5,1.8,1.1,11.7,20.4,,0.9,1.3,2.2,0.078,,-0.3,-0.3,-0.6,0.5
Terrance Ferguson\fergute01,OKC,SG,19,61,763,7.4,0.545,0.71,0.059,2.7,4.2,3.4,3.4,1.6,1.2,6,10.4,,0.7,0.5,1.2,0.077,,-3.2,-0.1,-3.3,-0.3
Yogi Ferrell\ferreyo01,DAL,SG,24,82,2282,11.4,0.54,0.492,0.141,1.2,11.2,6.1,13.5,1.4,0.4,9.1,17,,1.5,1.5,3,0.064,,-1.3,0,-1.4,0.4
Dorian Finney-Smith\finnedo01,DAL,PF,24,21,448,7.6,0.482,0.554,0.124,5.3,13.6,9.3,8.4,1.1,0.8,14.1,15.1,,-0.2,0.3,0.1,0.015,,-3.8,-0.8,-4.6,-0.3
Bryn Forbes\forbebr01,SAS,SG,24,80,1517,9.1,0.525,0.459,0.145,0.9,7.2,4,7.8,0.9,0.1,6.5,16.7,,0.8,1.3,2.1,0.067,,-2.5,-0.6,-3.1,-0.4
Evan Fournier\fournev01,ORL,SF,25,57,1837,15.5,0.577,0.418,0.216,1.4,9.5,5.4,14.8,1.3,0.7,9.8,23.3,,2.4,0.9,3.3,0.087,,0.8,-1.4,-0.6,0.7
De'Aaron Fox\foxde01,SAC,PG,20,73,2026,11.2,0.478,0.192,0.245,1.8,10,5.7,24.6,1.7,0.9,16.4,23.4,,-1.7,1.1,-0.6,-0.014,,-2.7,-1.5,-4.2,-1.1
Tim Frazier\fraziti01,WAS,PG,27,59,838,11.3,0.475,0.326,0.174,2.4,13.1,7.8,31.1,2.8,0.7,23.5,12.8,,0.4,1,1.4,0.08,,-2.8,1.8,-0.9,0.2
Channing Frye\fryech01,TOT,C,34,53,695,13.1,0.599,0.542,0.09,1.9,19.4,10.8,7.9,1.3,1.6,8.7,15.2,,0.9,0.6,1.5,0.101,,-0.5,0,-0.5,0.3
Channing Frye\fryech01,CLE,C,34,44,545,13.9,0.604,0.533,0.089,2.1,20.3,11.3,7.5,1.5,1.9,8.8,15.6,,0.7,0.5,1.2,0.104,,-0.4,0.1,-0.3,0.3
Channing Frye\fryech01,LAL,C,34,9,150,10.2,0.581,0.581,0.093,1.4,16.2,8.9,9.5,0.3,0.5,8.2,13.8,,0.2,0.1,0.3,0.091,,-1,-0.5,-1.5,0
Markelle Fultz\fultzma01,PHI,SG,19,14,253,12.4,0.416,0.009,0.189,4.9,13.1,9.2,31.3,2.3,1.3,12.4,23.1,,-0.2,0.4,0.2,0.043,,-3.3,0.7,-2.6,0
Danilo Gallinari\gallida01,LAC,SF,29,21,671,13.8,0.545,0.434,0.34,1.5,14.9,8.3,8.9,0.9,1.2,8.1,20.6,,0.8,0.4,1.2,0.088,,0.4,-0.9,-0.5,0.3
Langston Galloway\gallola01,DET,SG,26,58,863,12.2,0.503,0.641,0.121,1.6,10.3,5.9,10.1,2,0.5,4.8,19.3,,0.5,0.9,1.4,0.08,,-0.2,0.2,0.1,0.5
Marc Gasol\gasolma01,MEM,C,33,73,2408,17.4,0.532,0.31,0.326,3.7,25.3,14.2,21.7,1.1,3.9,14.1,25.6,,1.5,2.6,4,0.08,,1.7,0.6,2.3,2.7
Pau Gasol\gasolpa01,SAS,C,37,77,1812,18.9,0.539,0.191,0.333,7.8,30.2,19,20.1,0.7,3.6,13.1,20.4,,2.7,3.3,6,0.159,,1.5,1.9,3.4,2.5
Rudy Gay\gayru01,SAS,PF,31,57,1231,18,0.545,0.22,0.27,6.8,19.5,13.1,9.8,1.9,2.6,11.5,24.6,,1,2.1,3.1,0.122,,0.2,0.6,0.8,0.9
Paul George\georgpa01,OKC,SF,27,79,2891,18.7,0.57,0.454,0.307,2.7,14.9,8.6,14.5,2.8,1.2,12.2,25.7,,5,3.9,8.9,0.147,,2.3,0.6,2.9,3.6
Marcus Georges-Hunt\georgma01,MIN,SG,23,42,224,6.9,0.515,0.313,0.438,3.6,4.7,4.1,4.1,1.3,0,5,11.9,,0.2,0,0.2,0.049,,-4.3,-0.9,-5.1,-0.2
Jonathan Gibson\gibsojo01,BOS,PG,30,4,40,25.4,0.739,0.522,0,0,8.1,4.1,22.6,0,0,11.5,29,,0.1,0,0.2,0.195,,4.9,-0.8,4.1,0.1
Taj Gibson\gibsota01,MIN,PF,32,82,2726,15.4,0.61,0.047,0.251,8.1,16.7,12.4,5.2,1.1,1.9,9.8,14.7,,5.4,1.7,7.2,0.126,,0.1,-0.7,-0.5,1
Manu Ginóbili\ginobma01,SAS,SG,40,65,1299,12.9,0.553,0.415,0.283,1.6,10.6,6.1,19.1,1.7,1,16.8,21.5,,0.6,1.6,2.2,0.082,,-1.5,0.2,-1.3,0.2
Rudy Gobert\goberru01,UTA,C,25,56,1816,20.7,0.657,0,0.673,10.4,27,18.8,6.9,1.2,6,15.7,16.9,,4.2,3.9,8.1,0.214,,0.9,2.5,3.4,2.5
Aaron Gordon\gordoaa01,ORL,PF,22,58,1909,16.5,0.53,0.395,0.26,5,21.5,13.2,11.7,1.5,1.9,10,24.7,,0.9,2,2.9,0.072,,0.9,-0.6,0.3,1.1
Eric Gordon\gordoer01,HOU,SG,29,69,2154,15.2,0.578,0.627,0.248,1.3,7.5,4.4,11.7,1,1.1,10.8,24.7,,2.9,1.8,4.7,0.105,,2,-1.6,0.4,1.3
Marcin Gortat\gortama01,WAS,C,33,82,2075,14.7,0.546,0,0.291,9.9,24,17,10.6,1,2.6,13.5,15.5,,2.4,2.4,4.9,0.113,,-0.8,0.3,-0.6,0.8
Treveon Graham\grahatr01,CHO,SG,24,63,1050,9,0.553,0.439,0.267,4.3,8.3,6.2,7.8,1.5,0.2,9.9,11.3,,1.1,0.7,1.8,0.08,,-2.8,0.1,-2.7,-0.2
Jerami Grant\grantje01,OKC,PF,23,81,1647,16.2,0.607,0.241,0.526,5.6,16.3,10.7,5.1,0.9,4.2,8.8,16,,3.5,1.9,5.4,0.156,,0,0.3,0.3,1
Jerian Grant\grantje02,CHI,PG,25,74,1686,14.3,0.528,0.372,0.374,1.9,9.3,5.5,30.1,1.8,0.4,13.2,17.4,,2.3,1,3.3,0.094,,-0.9,-0.5,-1.3,0.3
Josh Gray\grayjo01,PHO,PG,24,5,86,7.2,0.349,0.317,0.268,2.4,10.1,6.2,20.8,4.5,1.9,13.2,26.1,,-0.3,0.1,-0.2,-0.118,,-5.2,1,-4.2,0
Danny Green\greenda02,SAS,SG,30,70,1791,11.4,0.509,0.57,0.116,2.5,13,7.7,8.9,1.8,3.7,11.2,16.6,,0.1,2.9,2.9,0.078,,-1,1.4,0.4,1.1
Draymond Green\greendr01,GSW,PF,27,70,2287,16.1,0.556,0.414,0.279,3.9,21.1,13.1,29,2,3.1,22.5,17.2,,2.6,3.4,6.1,0.127,,0.9,1.9,2.8,2.8
Gerald Green\greenge01,HOU,SG,32,41,929,14.1,0.566,0.722,0.145,1.8,14.2,8.1,4.3,1.3,1.4,6.6,22.4,,1,1,2.1,0.107,,1,-0.8,0.3,0.5
JaMychal Green\greenja01,MEM,PF,27,55,1542,14,0.53,0.26,0.227,10.8,24.4,17.4,8.3,1,1.5,12.4,17.8,,1.3,1.3,2.6,0.079,,-0.8,-1.5,-2.3,-0.1
Jeff Green\greenje02,CLE,PF,31,78,1828,14.8,0.587,0.275,0.379,3.7,11.2,7.6,8,1.1,1.6,9.4,19.3,,3.1,0.8,3.9,0.103,,-0.3,-1.5,-1.8,0.1
Blake Griffin\griffbl01,TOT,PF,28,58,1970,19.6,0.544,0.323,0.331,4.1,19.8,12,28.1,1,0.8,12.6,28.9,,3.2,1.8,4.9,0.12,,3.6,-0.2,3.4,2.7
Blake Griffin\griffbl01,LAC,PF,28,33,1139,20.4,0.553,0.324,0.379,4.5,20.5,12.6,25.6,1.3,0.7,12.8,29.3,,2,1,3,0.126,,3.8,-0.4,3.4,1.6
Blake Griffin\griffbl01,DET,PF,28,25,831,18.5,0.531,0.323,0.266,3.5,18.9,11,31.5,0.7,1,12.4,28.4,,1.1,0.8,1.9,0.113,,3.4,0.1,3.4,1.1
Daniel Hamilton\hamilda02,OKC,SG,22,6,28,18.2,0.545,0.455,0,0,20.5,9.9,44.2,1.8,0,15.4,19.9,,0.1,0,0.1,0.169,,1,1.3,2.3,0
Tim Hardaway Jr.\hardati02,NYK,SG,25,57,1885,14.4,0.533,0.479,0.209,1.9,11.3,6.6,12.7,1.6,0.5,9,23.8,,1.6,1.1,2.6,0.067,,0.5,-1.1,-0.6,0.7
James Harden\hardeja01,HOU,SG,28,72,2551,29.8,0.619,0.498,0.502,1.8,15.2,8.6,45.1,2.4,1.7,15.1,36.1,,11.6,3.8,15.4,0.289,,8.5,1.4,9.9,7.7
Maurice Harkless\harklma01,POR,SF,24,59,1264,12.6,0.596,0.397,0.199,4,9.9,7,6,1.9,2.8,11,12.6,,1.6,1.7,3.2,0.123,,-0.4,1.7,1.4,1.1
Montrezl Harrell\harremo01,LAC,C,24,76,1293,24.7,0.647,0.013,0.405,8.9,17,13,10.1,1.4,3.4,9.5,23.8,,4.3,1.3,5.5,0.205,,3.1,0.2,3.3,1.7
Devin Harris\harride01,TOT,PG,34,71,1340,13,0.563,0.5,0.374,1,9.8,5.3,16.9,1.8,0.8,12.6,20.2,,1.6,0.9,2.5,0.089,,-1.5,-0.3,-1.8,0.1
Devin Harris\harride01,DAL,PG,34,44,807,13.5,0.56,0.44,0.394,1.2,10.8,5.8,16.4,2.1,0.9,12.8,21.5,,0.7,0.7,1.4,0.085,,-1.7,0.7,-1,0.2
Devin Harris\harride01,DEN,PG,34,27,533,12.4,0.568,0.6,0.341,0.6,8.2,4.4,17.7,1.3,0.6,12.1,18.2,,0.9,0.2,1.1,0.096,,-1.1,-1.8,-2.9,-0.1
Gary Harris\harriga01,DEN,SG,23,67,2304,16.5,0.597,0.434,0.178,1.8,6.8,4.3,13,2.6,0.5,10.8,20.7,,3.9,1.5,5.5,0.114,,1,-0.2,0.8,1.7
Joe Harris\harrijo01,BRK,SG,26,78,1975,13.3,0.634,0.576,0.167,2.7,11.3,7,10.2,0.9,0.8,12,16.6,,3,0.9,4,0.097,,0.7,-0.6,0.1,1
Tobias Harris\harrito02,TOT,PF,25,80,2668,17.1,0.565,0.364,0.177,2.4,15.7,9,11.8,1.3,1.1,7.4,23.3,,4.2,2.5,6.7,0.12,,2.3,-0.4,1.9,2.6
Tobias Harris\harrito02,DET,PF,25,48,1563,16.7,0.564,0.389,0.192,2.5,15,8.6,9.9,1.1,0.9,6.2,23.2,,2.6,1.5,4.1,0.125,,2.2,-0.5,1.7,1.5
Tobias Harris\harrito02,LAC,PF,25,32,1105,17.7,0.565,0.33,0.156,2.2,16.8,9.6,14.3,1.6,1.5,9,23.5,,1.6,1,2.6,0.112,,2.3,-0.2,2.1,1.2
Aaron Harrison\harriaa01,DAL,SG,23,9,233,5.1,0.392,0.623,0.246,1.8,9.9,5.7,6.7,1.9,0.8,3.8,15.5,,-0.3,0.2,-0.1,-0.014,,-6.8,-0.6,-7.5,-0.3
Andrew Harrison\harrian01,MEM,PG,23,56,1326,12.7,0.534,0.331,0.371,2,9.7,5.7,21.3,1.4,1.8,14,19.6,,1,0.7,1.7,0.062,,-1,-0.5,-1.5,0.2
Shaquille Harrison\harrish01,PHO,PG,24,23,384,15.6,0.54,0.21,0.306,2.5,14.7,8.5,22.2,3.2,1.5,13.5,18,,0.4,0.4,0.8,0.094,,-2.3,1.7,-0.7,0.1
Josh Hart\hartjo01,LAL,SG,22,63,1461,12.2,0.596,0.525,0.251,3.1,16,9.6,7.6,1.5,0.9,10.1,13.5,,1.9,1.5,3.4,0.111,,-0.6,0.5,-0.1,0.7
Udonis Haslem\hasleud01,MIA,C,37,14,72,1.8,0.252,0.533,0.133,4.7,10.9,7.8,9.2,0,2.4,11.2,11.1,,-0.1,0.1,-0.1,-0.059,,-5.9,-1.8,-7.7,-0.1
Nigel Hayes\hayesni01,TOT,SF,23,9,122,6.4,0.393,0.485,0.091,3.6,17.5,10.3,6.7,0.8,2.3,5.5,13.3,,-0.2,0.1,-0.1,-0.034,,-3.7,-0.1,-3.8,-0.1
Nigel Hayes\hayesni01,LAL,SF,23,2,11,9.8,0.436,0.667,0.333,0,0,0,24.3,0,0,0,13.3,,0,0,0,0.069,,-0.2,-1.5,-1.7,0
Nigel Hayes\hayesni01,TOR,SF,23,2,6,34.9,1.5,1,0,0,0,0,0,0,0,33.3,21.9,,0,0,0,0.018,,17.4,0.8,18.2,0
Nigel Hayes\hayesni01,SAC,SF,23,5,105,4.4,0.312,0.429,0.071,4.2,20.4,11.9,5.2,1,2.7,3.3,12.8,,-0.2,0.1,-0.1,-0.048,,-5.2,0,-5.2,-0.1
Gordon Hayward\haywago01,BOS,SF,27,1,5,7.3,0.5,0.5,0,0,21.6,10.9,0,0,0,0,17.9,,0,0,0,0.056,,-6.6,-0.8,-7.4,0
Reggie Hearn\hearnre01,DET,SG,26,3,7,13.1,0.75,1,0,0,0,0,0,0,0,0,12.7,,0,0,0,0.132,,2.9,-1.4,1.5,0
Myke Henry\henrymy01,MEM,SF,25,20,378,9.7,0.472,0.532,0.092,3,8.8,5.8,8.9,4.1,1.5,14.4,15.7,,-0.3,0.4,0.1,0.017,,-3.1,1.8,-1.3,0.1
John Henson\hensojo01,MIL,C,27,76,1970,15.7,0.582,0.014,0.315,9,21.5,15.3,8.6,1.1,4.7,12.8,15,,2.8,2.2,4.9,0.12,,-1,0.1,-0.9,0.5
Juan Hernangómez\hernaju01,DEN,PF,22,25,277,9.7,0.511,0.667,0.16,7.4,14.6,11,5.9,1.1,0.9,10.1,14,,0.2,0.1,0.4,0.061,,-1.6,-1.7,-3.3,-0.1
Willy Hernangómez\hernawi01,TOT,C,23,48,495,21.2,0.604,0.073,0.549,13.3,27.2,20.2,10.5,1.8,2.7,14.7,21,,1.1,0.7,1.8,0.174,,0.9,0.5,1.4,0.4
Willy Hernangómez\hernawi01,NYK,C,23,26,233,16.9,0.595,0.062,0.346,10.5,21.3,15.9,14.3,1.7,2.6,21.8,22.4,,0.1,0.3,0.3,0.069,,-1.1,0.8,-0.3,0.1
Willy Hernangómez\hernawi01,CHO,C,23,22,262,25,0.612,0.084,0.747,15.8,32.4,24,7.1,1.9,2.9,7.5,19.7,,1,0.4,1.5,0.266,,2.7,0.1,2.8,0.3
Mario Hezonja\hezonma01,ORL,SF,22,75,1657,13.7,0.544,0.433,0.17,2.7,16.1,9.3,10,2.4,1.5,11.5,19.9,,0.5,1.8,2.3,0.066,,-0.9,0.4,-0.5,0.6
Isaiah Hicks\hicksis01,NYK,PF,23,18,240,6.8,0.501,0.125,0.25,4.6,14.3,9.5,9.5,0.4,1.4,16.7,17.4,,-0.1,0.1,0,-0.003,,-6.4,-1.2,-7.6,-0.3
Buddy Hield\hieldbu01,SAC,SG,25,80,2024,16.1,0.557,0.437,0.087,3,14.8,8.6,12.8,2.1,1,11.3,24.3,,1.3,1.5,2.8,0.067,,1.6,-0.5,1,1.5
Nenê\hilarne01,HOU,C,35,52,758,16.4,0.594,0.008,0.448,8.1,18,13.1,9.5,1.8,1.6,11.7,18.9,,1.5,1.1,2.6,0.163,,-1.6,0.6,-1,0.2
George Hill\hillge01,TOT,PG,31,67,1812,13.3,0.58,0.4,0.273,2.6,8.9,5.7,15,1.7,1.3,13.3,16.3,,2.3,0.9,3.2,0.085,,-0.2,-0.5,-0.8,0.6
George Hill\hillge01,SAC,PG,31,43,1143,14,0.597,0.393,0.304,2.1,9.9,5.8,15.5,1.7,1,14,16.9,,1.6,0.6,2.1,0.09,,0,-0.6,-0.5,0.4
George Hill\hillge01,CLE,PG,31,24,669,12.2,0.551,0.412,0.219,3.4,7.3,5.4,14,1.6,1.9,12,15.4,,0.8,0.3,1.1,0.077,,-0.7,-0.5,-1.2,0.1
Solomon Hill\hillso01,NOP,SF,26,12,187,4.8,0.332,0.512,0.146,5.4,15.1,10.4,14.4,1.8,0.4,17.1,12.2,,-0.2,0.2,-0.1,-0.014,,-5.3,0.5,-4.8,-0.1
Darrun Hilliard\hillida01,SAS,SG,24,14,95,3.4,0.362,0.316,0.368,0,8.2,4.1,15.3,1.1,0,15.3,12.3,,-0.1,0.1,0,-0.015,,-7.1,-0.8,-7.9,-0.1
Jrue Holiday\holidjr01,NOP,SG,27,81,2927,17.8,0.57,0.286,0.191,2.4,10.8,6.8,24.9,2,1.7,13.6,23.1,,4.2,2.9,7.1,0.116,,1.3,0.3,1.6,2.7
Justin Holiday\holidju01,CHI,SG,28,72,2265,10.8,0.513,0.574,0.21,1.4,12.8,6.9,10.1,1.7,1.2,9.8,18.2,,0.1,1.6,1.7,0.036,,-1.6,-0.3,-1.9,0
John Holland\hollajo02,CLE,SF,29,24,174,5.9,0.417,0.61,0.22,3.9,11.4,7.7,3.9,2,1,11,18.5,,-0.3,0.1,-0.2,-0.05,,-3.6,-1.9,-5.5,-0.2
Rondae Hollis-Jefferson\holliro01,BRK,SF,23,68,1920,16.9,0.548,0.075,0.436,5.5,20,12.7,14.2,1.6,1.9,12.3,22.2,,2.1,2,4.1,0.103,,-0.3,0.4,0.1,1
Richaun Holmes\holmeri01,PHI,C,24,48,746,17.4,0.585,0.129,0.232,8.6,21.4,15.2,12.3,1.3,3.2,8.6,16.6,,1.6,1.3,2.8,0.183,,-0.3,1.4,1.1,0.6
Rodney Hood\hoodro01,TOT,SG,25,60,1616,14.3,0.546,0.443,0.172,1.6,9.9,5.8,9.7,1.4,0.6,8,24.3,,1.2,1.5,2.7,0.081,,0.8,-0.9,-0.1,0.8
Rodney Hood\hoodro01,UTA,SG,25,39,1084,15.1,0.551,0.475,0.176,1.5,10.1,5.8,10.4,1.4,0.5,9.6,27.3,,0.6,1.3,1.9,0.085,,1.6,-1,0.5,0.7
Rodney Hood\hoodro01,CLE,SG,25,21,532,12.7,0.533,0.357,0.161,1.7,9.5,5.7,8.4,1.4,0.8,3.2,18.3,,0.6,0.2,0.8,0.074,,-0.8,-0.7,-1.5,0.1
Scotty Hopson\hopsosc01,DAL,SG,28,1,8,-4.6,0.266,0,2,0,0,0,15.8,0,0,34.7,16.3,,0,0,0,-0.238,,-9.2,-4.7,-14,0
Al Horford\horfoal01,BOS,C,31,72,2277,17.6,0.575,0.3,0.159,5,20.2,12.7,23.6,0.9,2.9,14.1,18.4,,4,3.8,7.8,0.165,,2.4,2,4.4,3.7
Danuel House\houseda01,PHO,SG,24,23,403,12.4,0.533,0.45,0.24,3.4,17,10.1,9.4,0.8,1.2,7.2,16.2,,0.4,0.1,0.6,0.066,,-0.8,-0.8,-1.6,0
Dwight Howard\howardw01,CHO,C,32,81,2463,20.5,0.577,0.008,0.639,11,33.8,22.2,7.1,1,4.4,15.1,24.2,,2.9,3.9,6.8,0.132,,-0.3,0.1,-0.1,1.2
Josh Huestis\huestjo01,OKC,PF,26,69,982,5.4,0.417,0.632,0.11,4.6,13.9,9.1,2.7,0.8,4,12,9.5,,-0.5,1,0.5,0.024,,-3.9,0,-3.9,-0.5
R.J. Hunter\hunterj01,HOU,SG,24,5,45,8.5,0.455,0.7,0.1,0,12.4,6.3,10.3,3.3,0,8.7,22.5,,0,0.1,0,0.022,,-5.2,1.9,-3.3,0
Vince Hunter\huntevi01,MEM,PF,23,4,7,35.8,0.6,0,0,32.3,16.9,24.8,0,0,13.4,16.7,38.5,,0,0,0,0.097,,10.4,-0.7,9.7,0
Serge Ibaka\ibakase01,TOR,PF,28,76,2093,14.7,0.574,0.379,0.151,4.3,21,12.8,4.4,0.7,3.8,9.7,19.4,,2.1,3,5.1,0.117,,-0.1,0,-0.1,1
Andre Iguodala\iguodan01,GSW,SF,34,64,1622,11.2,0.536,0.366,0.272,3.7,12.6,8.5,16.2,1.6,1.9,15.8,11.5,,1.6,1.6,3.2,0.094,,-1.1,0.8,-0.3,0.7
Ersan İlyasova\ilyaser01,TOT,PF,30,69,1729,14.9,0.558,0.413,0.22,7.6,18,12.9,7.9,1.7,1.3,9.7,18.7,,2.2,1.9,4,0.112,,-0.2,-0.4,-0.6,0.6
Ersan İlyasova\ilyaser01,ATL,PF,30,46,1175,15.1,0.569,0.424,0.224,7,16.8,11.9,6.8,1.8,1.2,8.9,18,,1.6,1,2.6,0.106,,0.3,-0.5,-0.1,0.6
Ersan İlyasova\ilyaser01,PHI,PF,30,23,554,14.6,0.537,0.392,0.212,8.9,20.6,15,10.4,1.5,1.4,11.1,20.1,,0.6,0.9,1.4,0.125,,-1.2,-0.3,-1.6,0.1
Joe Ingles\inglejo01,UTA,SF,30,82,2578,14.4,0.623,0.646,0.116,1.1,13.9,7.6,22.9,1.8,0.7,17.4,15.9,,4,3.6,7.6,0.141,,1,1.3,2.3,2.8
Andre Ingram\ingraan01,LAL,SG,32,2,64,16.3,0.655,0.529,0.176,1.7,8.3,5,15.3,2.2,3.8,14.1,14.1,,0.1,0.1,0.2,0.157,,1.7,2.5,4.3,0.1
Brandon Ingram\ingrabr01,LAL,SF,20,59,1975,13.8,0.536,0.138,0.371,3.1,13.8,8.5,17.7,1.1,1.8,14.4,22.2,,1,1.8,2.8,0.068,,-0.9,-0.3,-1.2,0.4
Kyrie Irving\irvinky01,BOS,PG,25,60,1931,25,0.61,0.374,0.24,1.9,10.8,6.4,30.7,1.7,0.7,10.4,31,,6.3,2.7,8.9,0.222,,6.4,0.9,7.3,4.5
Jonathan Isaac\isaacjo01,ORL,PF,20,27,536,9.8,0.465,0.317,0.172,3.3,17.2,10.2,4.8,3,4.5,14.8,15,,-0.6,0.8,0.2,0.021,,-3.8,2.4,-1.4,0.1
Wesley Iwundu\iwundwe01,ORL,SF,23,62,1020,7.8,0.48,0.211,0.216,3.9,11,7.4,7.8,1.6,0.9,11.2,11.6,,0,0.7,0.7,0.032,,-4.2,-0.1,-4.3,-0.6
Jarrett Jack\jackja01,NYK,PG,34,62,1548,11.5,0.489,0.194,0.169,1.6,12.1,6.8,31.3,1.1,0.2,19.5,16.7,,0.5,0.7,1.2,0.036,,-1.6,-1.3,-2.8,-0.3
Aaron Jackson\jacksaa01,HOU,PG,31,1,35,2.4,0.405,0.444,0.222,6.5,3.2,4.8,4,0,0,9.2,13.7,,0,0,0,-0.017,,-6.6,-2.3,-8.9,-0.1
Demetrius Jackson\jacksde01,TOT,PG,23,15,80,5.4,0.424,0.389,0.111,7.1,9.8,8.4,15.9,3.1,1.1,34.6,15.8,,-0.2,0.1,-0.1,-0.047,,-6.1,0.9,-5.2,-0.1
Demetrius Jackson\jacksde01,HOU,PG,23,12,63,0.2,0.286,0.429,0,7.2,12.4,9.8,10.7,3.1,1.3,39.1,16.1,,-0.3,0.1,-0.2,-0.14,,-9.2,0.6,-8.5,-0.1
Demetrius Jackson\jacksde01,PHI,PG,23,3,17,24.5,0.82,0.25,0.5,6.6,0,3.2,35.1,2.8,0,17,14.8,,0.1,0,0.1,0.298,,5.3,2.1,7.3,0
Josh Jackson\jacksjo02,PHO,SF,20,77,1959,11.8,0.48,0.233,0.299,5.1,14.2,9.6,10.1,2,1.4,12.2,26,,-2,1.2,-0.7,-0.018,,-2.8,-1.4,-4.2,-1.1
Justin Jackson\jacksju01,SAC,SF,22,68,1506,9.2,0.521,0.442,0.086,2,12.6,7.1,7.2,0.9,0.8,8.4,14.2,,0.4,0.5,1,0.031,,-2.4,-1.1,-3.5,-0.6
Reggie Jackson\jacksre01,DET,PG,27,45,1201,15.9,0.516,0.293,0.232,2.6,9,5.7,32.8,1.1,0.3,13.5,27.1,,1.1,0.9,2,0.078,,1,-1.4,-0.4,0.5
LeBron James\jamesle01,CLE,PF,33,82,3026,28.6,0.621,0.257,0.336,3.7,22.3,13.1,44.4,1.9,2,16.1,31.6,,11,3,14,0.221,,7.3,1.4,8.7,8.2
Mike James\jamesmi02,TOT,PG,27,36,687,13.9,0.469,0.305,0.262,2,12.2,7,29.4,2,0.8,12,25.1,,-0.1,0.3,0.2,0.017,,-0.5,-1,-1.5,0.1
Mike James\jamesmi02,PHO,PG,27,32,669,14.2,0.476,0.311,0.269,1.9,12.5,7.1,29,1.9,0.8,12.1,25.2,,0,0.3,0.3,0.021,,-0.3,-0.9,-1.2,0.1
Mike James\jamesmi02,NOP,PG,27,4,18,3.5,0.222,0.111,0,6.2,0,3,43.5,2.7,0,10,24.1,,-0.1,0,-0.1,-0.146,,-7.7,-2.4,-10.1,0
Al Jefferson\jeffeal01,IND,C,33,36,484,20.2,0.563,0.014,0.173,7,26.2,16.7,10,1.7,4.2,8.6,22.5,,0.8,0.8,1.6,0.158,,0.6,1.5,2,0.5
Richard Jefferson\jefferi01,DEN,SF,37,20,163,6.4,0.499,0.259,0.259,1.4,10.3,5.9,12,0.6,0.5,14.3,9.4,,0.1,0,0.1,0.029,,-3.5,-0.8,-4.3,-0.1
Brandon Jennings\jennibr01,MIL,PG,28,14,205,12.7,0.478,0.458,0.139,2.9,14.8,8.9,31.1,1.5,1.7,19.1,20.8,,0,0.1,0.1,0.026,,-1.2,-2.2,-3.4,-0.1
Jonas Jerebko\jerebjo01,UTA,PF,30,74,1134,13.2,0.586,0.46,0.167,5.4,19.1,12.3,5.7,1.1,0.9,6.9,15.6,,1.8,1.6,3.4,0.144,,-0.4,0.4,0.1,0.6
Amir Johnson\johnsam01,PHI,C,30,74,1171,14.9,0.575,0.123,0.327,11.8,18.3,15.2,13.9,1.8,3.1,15.6,12.8,,2.1,2,4.1,0.169,,-1.2,2.2,1,0.9
Brice Johnson\johnsbr02,TOT,PF,23,18,98,18.2,0.486,0.024,0.119,10.4,25.5,17.9,3.4,4.5,5.5,10.2,22.3,,0,0.2,0.2,0.082,,-2.1,1.7,-0.4,0
Brice Johnson\johnsbr02,LAC,PF,23,9,38,21.3,0.673,0.091,0.182,5.9,31.4,18.8,4,7.7,4.4,25.2,18,,0,0.1,0.1,0.168,,-2.2,6.8,4.5,0.1
Brice Johnson\johnsbr02,MEM,PF,23,9,60,16.2,0.418,0,0.097,13.2,21.7,17.4,3,2.5,6.2,3,24.9,,-0.1,0.1,0,0.028,,-2,-1.6,-3.6,0
Dakari Johnson\johnsda04,OKC,C,22,31,161,16.4,0.575,0,0.513,10.7,12.8,11.7,7.2,1.8,4.5,5.9,13.5,,0.4,0.2,0.6,0.178,,-1.2,0.9,-0.3,0.1
James Johnson\johnsja01,MIA,PF,30,73,1943,15.8,0.575,0.301,0.264,3.5,17.2,10.3,22.5,1.8,2.2,17.1,19.1,,2.2,2.8,5,0.123,,0,1.6,1.6,1.7
Joe Johnson\johnsjo02,TOT,SF,36,55,1205,8.1,0.49,0.403,0.125,1.3,14.7,8.1,10.2,0.7,0.5,11.4,15.9,,-0.3,1.3,1,0.04,,-2.7,-0.2,-2.9,-0.3
Joe Johnson\johnsjo02,UTA,SF,36,32,700,9,0.492,0.372,0.106,2,15.2,8.7,9.8,0.9,0.7,11.6,17.2,,-0.2,0.8,0.6,0.041,,-2.3,-0.3,-2.6,-0.1
Joe Johnson\johnsjo02,HOU,SF,36,23,505,6.8,0.485,0.455,0.157,0.5,13.9,7.3,10.7,0.6,0.2,11.2,14.1,,0,0.4,0.4,0.038,,-3.3,0,-3.3,-0.2
Omari Johnson\johnsom01,MEM,PF,28,4,75,10.5,0.524,0.571,0,6,11.1,8.5,14.5,1.3,0,12.5,14.4,,0.1,0,0.1,0.053,,-1.8,-2.7,-4.5,0
Stanley Johnson\johnsst04,DET,SF,21,69,1894,9,0.48,0.418,0.259,1.9,13,7.3,8.5,2.5,0.7,11,16.4,,-0.6,2.4,1.8,0.046,,-4,1.1,-2.9,-0.4
Tyler Johnson\johnsty01,MIA,PG,25,72,2052,13,0.549,0.456,0.181,1.9,11.7,6.8,12.4,1.5,1.4,9.5,18.6,,1.9,2.3,4.2,0.097,,-0.5,0.2,-0.3,0.9
Wesley Johnson\johnswe01,LAC,SF,30,74,1486,9.8,0.512,0.481,0.158,2.2,13.6,8,5.6,2.5,3.5,12.3,13,,-0.1,1.7,1.7,0.055,,-2.5,1.7,-0.7,0.5
Nikola Jokić\jokicni01,DEN,C,22,75,2443,24.4,0.603,0.277,0.31,9,27.9,18.5,29.6,1.8,2.1,15.5,24.2,,7.8,2.9,10.7,0.211,,5.3,1.6,6.9,5.5
Damian Jones\jonesda03,GSW,C,22,15,89,6.8,0.517,0,0.227,6.8,10.6,8.8,2.9,0.5,2.7,14.2,13.9,,0,0.1,0.1,0.031,,-5.3,-1.8,-7.1,-0.1
Derrick Jones Jr.\jonesde02,TOT,SF,20,20,245,10.1,0.48,0.34,0.453,9.6,7.8,8.7,5.1,0.8,4.4,9.9,12.8,,0.1,0.2,0.4,0.075,,-2.9,0.2,-2.7,0
Derrick Jones Jr.\jonesde02,PHO,SF,20,6,33,18.4,0.678,0.5,1.5,6.4,6.6,6.5,12.3,1.5,9.8,13.1,9.8,,0.1,0,0.1,0.177,,2,2.8,4.8,0.1
Derrick Jones Jr.\jonesde02,MIA,SF,20,14,212,8.8,0.457,0.327,0.367,10.1,8,9,4,0.7,3.6,9.5,13.3,,0,0.2,0.3,0.059,,-3.7,-0.2,-3.9,-0.1
Jalen Jones\jonesja04,TOT,SF,24,16,181,10.3,0.485,0.382,0.279,7.7,15.7,11.6,3.5,1.4,0.5,8.4,20.9,,0,0.2,0.1,0.027,,-3.4,-2.6,-6,-0.2
Jalen Jones\jonesja04,NOP,SF,24,4,19,5,0.512,0.25,0.5,0,16.5,8.6,0,0,0,0,11.1,,0,0,0,0.055,,-4.3,-3,-7.3,0
Jalen Jones\jonesja04,DAL,SF,24,12,162,10.9,0.483,0.391,0.266,8.6,15.6,12,3.9,1.5,0.5,8.9,22,,-0.1,0.1,0.1,0.024,,-3.3,-2.6,-5.9,-0.2
Tyus Jones\jonesty01,MIN,PG,21,82,1467,14.1,0.572,0.393,0.247,1.2,9.2,5.2,21.2,3.2,0.4,14,12.7,,2.3,1.2,3.6,0.117,,-0.8,1.7,0.8,1.1
DeAndre Jordan\jordade01,LAC,C,29,77,2424,20.2,0.648,0,0.54,15.1,37.6,26.5,7.1,0.8,2.4,16.1,15.2,,6,3.4,9.4,0.186,,1.7,-0.3,1.4,2.1
Cory Joseph\josepco01,IND,PG,26,82,2210,11,0.503,0.315,0.156,2,11.4,6.7,16.1,1.8,0.7,11.9,14.8,,1.2,2,3.1,0.068,,-1.8,0.3,-1.5,0.3
Frank Kaminsky\kaminfr01,CHO,PF,24,79,1835,14.4,0.545,0.383,0.271,2.7,14.5,8.5,11,1,0.9,7.6,20.5,,2.3,1.3,3.6,0.094,,0.6,-0.8,-0.2,0.8
Enes Kanter\kanteen01,NYK,C,25,71,1830,24,0.63,0.003,0.258,16.6,30.6,23.6,9.4,1,1.7,13.3,21.8,,5.5,2.1,7.6,0.198,,3.3,-1.1,2.2,1.9
Luke Kennard\kennalu01,DET,SG,21,73,1463,12.1,0.56,0.419,0.163,1.6,11.9,6.6,12.7,1.5,0.8,12.2,17.2,,1.1,1.4,2.6,0.085,,-0.9,0.1,-0.8,0.5
Michael Kidd-Gilchrist\kiddgmi01,CHO,SF,24,74,1850,12.5,0.536,0.004,0.305,4.8,13,8.8,5.9,1.3,1.4,7.7,16.1,,1.7,1.6,3.3,0.084,,-2.1,0,-2.1,-0.1
Sean Kilpatrick\kilpase01,TOT,SG,28,52,640,11.6,0.507,0.49,0.245,0.8,14.2,7.5,11.3,1,0.7,10.4,24.9,,-0.2,0.3,0.1,0.008,,-1.1,-1.7,-2.8,-0.1
Sean Kilpatrick\kilpase01,BRK,SG,28,16,183,4.9,0.414,0.494,0.218,0.6,19.9,10.2,12.6,0.5,0.4,14.4,26.3,,-0.6,0.1,-0.4,-0.116,,-5.3,-2.3,-7.6,-0.3
Sean Kilpatrick\kilpase01,MIL,SG,28,23,205,11.3,0.515,0.561,0.232,0.6,13.7,7.1,10.9,1.2,0.4,9.1,21.9,,0,0.1,0.1,0.035,,-1.3,-1.3,-2.6,0
Sean Kilpatrick\kilpase01,LAC,SG,28,4,38,10.5,0.503,0.389,0.111,0,5.7,2.9,12.1,0,0,5,22.6,,0,0,0,0.029,,-0.8,-3.7,-4.5,0
Sean Kilpatrick\kilpase01,CHI,SG,28,9,214,17.7,0.574,0.449,0.299,1.4,11.5,6.3,10.5,1.4,1.3,9,27.1,,0.2,0.1,0.4,0.083,,2.5,-1.2,1.3,0.2
Maxi Kleber\klebima01,DAL,PF,26,72,1206,13.4,0.576,0.414,0.191,6.3,15.6,10.8,6.4,1.1,3.5,8.2,13.7,,1.6,1.2,2.8,0.113,,-1,0.5,-0.5,0.5
Furkan Korkmaz\korkmfu01,PHI,SG,20,14,80,3.4,0.386,0.607,0.143,2.8,11.7,7.4,6.7,1.2,1,6.3,16.9,,-0.1,0.1,0,-0.006,,-6.6,-1,-7.6,-0.1
Luke Kornet\kornelu01,NYK,PF,22,20,326,13.6,0.516,0.632,0.088,3.8,18,10.9,11.6,0.9,4.2,8.5,19,,0.2,0.3,0.5,0.077,,0.4,-0.2,0.2,0.2
Kyle Korver\korveky01,CLE,SG,36,73,1574,13.4,0.652,0.777,0.149,0.7,10.9,5.9,8,1,1.5,9.6,16,,2.8,0.6,3.4,0.104,,1.5,-1.2,0.2,0.9
Kosta Koufos\koufoko01,SAC,C,28,71,1391,17.5,0.566,0,0.19,11.7,27.6,19.3,9.7,1.7,2.2,10.4,15.2,,2.3,1.5,3.9,0.134,,-0.2,-0.2,-0.4,0.6
Kyle Kuzma\kuzmaky01,LAL,PF,22,77,2401,14.2,0.549,0.418,0.2,3.9,17.4,10.7,9.1,1,1.1,11,22.5,,1.5,2.3,3.8,0.077,,0.3,-1,-0.7,0.8
Mindaugas Kuzminskas\kuzmimi01,NYK,SF,28,1,2,-41.1,0,0,0,0,0,0,0,0,0,0,43.7,,0,0,0,-1.065,,-33,-21.7,-54.7,0
Skal Labissière\labissk01,SAC,PF,21,60,1240,14.3,0.513,0.111,0.258,8.7,18.1,13.2,9.1,1,3.7,12.5,21.1,,0.4,1,1.4,0.054,,-1.9,-0.8,-2.7,-0.2
Jeremy Lamb\lambje01,CHO,SG,25,80,1967,17,0.559,0.305,0.25,2.7,15.4,8.9,15.4,1.5,1.4,9.1,22.4,,3,1.9,4.9,0.12,,1.3,0.2,1.6,1.8
Shane Larkin\larkish01,BOS,PG,25,54,775,10.3,0.491,0.393,0.169,2.1,10.7,6.5,18.5,1.9,0.2,12.3,15.5,,0.3,1.1,1.4,0.087,,-2.8,1.1,-1.7,0.1
Joffrey Lauvergne\lauvejo01,SAS,C,26,55,534,16.5,0.536,0.026,0.247,13,22.6,17.8,12.2,0.9,0.5,13.5,20.4,,0.6,0.7,1.3,0.12,,-0.4,-0.6,-1,0.1
Zach LaVine\lavinza01,CHI,SG,22,24,656,14.6,0.499,0.346,0.301,1.4,14.4,7.7,18.6,1.8,0.5,9.7,29.5,,-0.1,0.5,0.3,0.025,,-0.8,-1.5,-2.3,-0.1
Jake Layman\laymaja01,POR,SF,23,35,160,4.9,0.352,0.426,0.064,2.8,8.1,5.5,9.4,1.9,2,9.4,14.6,,-0.3,0.2,-0.1,-0.021,,-4.8,0.4,-4.3,-0.1
T.J. Leaf\leaftj01,IND,PF,20,53,459,10.7,0.545,0.309,0.118,7.2,13,10.1,2.8,0.5,0.8,6.5,14.9,,0.5,0.3,0.8,0.082,,-1.4,-1.7,-3.1,-0.1
Courtney Lee\leeco01,NYK,SG,32,76,2310,13,0.564,0.368,0.164,1.4,9.3,5.4,11.3,1.7,0.6,9.4,16.9,,2.7,1.2,3.9,0.082,,-0.1,-0.2,-0.3,1
Damion Lee\leeda03,ATL,SG,25,15,404,12,0.489,0.395,0.191,3,16.6,9.8,11.2,2.3,0.2,7.8,19.3,,0,0.4,0.4,0.046,,-2.3,0.4,-1.9,0
Walt Lemon Jr.\lemonwa01,NOP,PG,25,5,35,6.9,0.491,0.063,0.188,0,6,3.1,21.1,0,2.3,18.8,26.4,,-0.1,0,-0.1,-0.071,,-5.3,-2.9,-8.2,-0.1
Alex Len\lenal01,PHO,C,24,69,1395,19.4,0.612,0.008,0.611,13.2,26.7,19.8,9.1,0.9,3.5,14,17,,3.2,1.3,4.5,0.154,,0.6,-0.3,0.3,0.8
Kawhi Leonard\leonaka01,SAS,SF,26,9,210,26,0.572,0.315,0.342,3.1,19.1,11.1,17.7,4.3,3.6,11.1,30.6,,0.3,0.5,0.9,0.196,,5.2,4.9,10.1,0.6
Meyers Leonard\leoname01,POR,C,25,33,254,17.8,0.676,0.333,0.141,5.2,24.7,15,10.6,1.4,0,10.8,16.1,,0.7,0.3,1.1,0.2,,1,0.9,2,0.3
Jon Leuer\leuerjo01,DET,PF,28,8,136,8.9,0.505,0.083,0.417,5.6,20.7,13,5.3,0.4,2,14.1,16.1,,0,0.1,0.1,0.05,,-4.3,-0.3,-4.6,-0.1
Caris LeVert\leverca01,BRK,SF,23,71,1864,14.2,0.525,0.333,0.254,3,11.9,7.4,26,2.1,0.9,15.8,22.5,,0.7,1.6,2.3,0.058,,-0.8,0,-0.8,0.6
DeAndre Liggins\liggide01,TOT,SG,29,58,724,6,0.467,0.5,0.047,1.1,10.6,5.9,8.4,2.5,1.6,15.6,7.9,,-0.2,0.7,0.5,0.034,,-4.3,1.8,-2.5,-0.1
DeAndre Liggins\liggide01,MIL,SG,29,31,480,5,0.424,0.554,0.077,1.2,10.7,6,7.3,2.8,1.8,16.2,7.5,,-0.3,0.5,0.2,0.02,,-4.8,1.9,-2.8,-0.1
DeAndre Liggins\liggide01,NOP,SG,29,27,244,7.8,0.537,0.415,0,0.9,10.3,5.8,10.7,2,1.3,14.6,8.5,,0.1,0.2,0.3,0.062,,-3.3,1.5,-1.8,0
Damian Lillard\lillada01,POR,PG,27,73,2670,25.2,0.594,0.445,0.38,2.6,10.6,6.6,30.9,1.4,0.8,11.1,30.6,,9.9,2.7,12.6,0.227,,7,0.3,7.2,6.3
Jeremy Lin\linje01,BRK,PG,29,1,25,15.9,0.597,0.167,0.583,0,0,0,27.1,0,0,16.6,31.3,,0,0,0,0.087,,-1,-4.4,-5.4,0
Shaun Livingston\livinsh01,GSW,PG,32,71,1129,11.6,0.533,0.015,0.178,3.4,9.2,6.5,16.8,1.5,1.5,13.6,16.6,,0.9,0.9,1.8,0.077,,-2.8,-0.4,-3.1,-0.3
Kevon Looney\looneke01,GSW,C,21,66,910,14.8,0.588,0.026,0.399,11,15.2,13.2,6,1.8,4.9,12,12.4,,1.5,1.3,2.8,0.145,,-1.2,1,-0.2,0.4
Brook Lopez\lopezbr01,LAL,C,29,74,1735,16.5,0.557,0.41,0.199,4.6,13.4,9,11.6,0.8,4.6,10.2,23.5,,1.9,1.9,3.8,0.105,,0.7,0.2,0.9,1.3
Robin Lopez\lopezro01,CHI,C,29,64,1690,14.7,0.552,0.022,0.14,8.2,10.3,9.2,12.3,0.4,2.8,13.5,20.4,,1.2,0.7,1.9,0.055,,-0.9,-1.3,-2.2,-0.1
Kevin Love\loveke01,CLE,C,29,59,1651,22.4,0.614,0.453,0.365,7,29.8,18.6,9.8,1.3,1.2,9.6,25.1,,4.7,1.6,6.4,0.185,,4.5,-1.3,3.3,2.2
Kyle Lowry\lowryky01,TOR,PG,31,78,2510,19.5,0.598,0.631,0.276,3,16.1,9.7,30.9,1.7,0.6,14.7,21.7,,7,3.1,10.2,0.194,,4.7,0.5,5.2,4.5
Timothé Luwawu-Cabarrot\luwawti01,PHI,SF,22,52,807,7,0.511,0.592,0.217,1.9,7.5,4.8,9.3,0.7,0.5,11.5,17.5,,0.1,0.7,0.8,0.046,,-3.1,-1.1,-4.1,-0.4
Tyler Lydon\lydonty01,DEN,PF,21,1,2,0,,,,0,0,0,0,0,0,,0,,0,0,0,-0.014,,-3.9,-1.6,-5.4,0
Trey Lyles\lylestr01,DEN,PF,22,73,1391,17.9,0.591,0.396,0.26,4.5,23.5,14,10.1,1.1,2,9.1,21.1,,2.7,1.2,3.9,0.135,,2,-0.7,1.3,1.1
Shelvin Mack\macksh01,ORL,PG,27,69,1365,13.3,0.518,0.336,0.234,1.8,11.6,6.7,29.5,1.9,0.5,16.3,17.6,,1,1,1.9,0.069,,-1.2,-0.2,-1.4,0.2
Josh Magette\magetjo01,ATL,PG,28,18,216,11.9,0.464,0.478,0.174,1,8.8,4.9,36.4,1.8,0.4,15.4,11.8,,0.3,0.1,0.4,0.092,,-2,-0.6,-2.6,0
Ian Mahinmi\mahinia01,WAS,C,31,77,1145,12.2,0.601,0.008,0.516,13.4,17.4,15.4,6.6,1.6,3.2,24.7,15.6,,0.8,1.4,2.2,0.093,,-4.6,0.2,-4.4,-0.7
Thon Maker\makerth01,MIL,C,20,74,1238,10.2,0.499,0.329,0.294,7.1,14.2,10.6,5.2,1.5,3.7,11,14.6,,0.3,1.1,1.5,0.056,,-3.2,-0.4,-3.5,-0.5
Boban Marjanović\marjabo01,TOT,C,29,39,337,26,0.616,0,0.655,15.7,31.4,23.5,11.2,1.5,2.8,15.9,29.4,,1,0.5,1.5,0.215,,2.3,0.2,2.5,0.4
Boban Marjanović\marjabo01,DET,C,29,19,171,21.6,0.597,0,0.57,9.5,27.7,18.4,14.4,1.2,3.1,18.2,31.3,,0.2,0.3,0.5,0.138,,-0.4,1.2,0.8,0.1
Boban Marjanović\marjabo01,LAC,C,29,20,166,30.6,0.637,0,0.754,22.1,35.2,28.8,7.9,1.8,2.5,13.2,27.5,,0.7,0.3,1,0.293,,5,-0.8,4.2,0.3
Lauri Markkanen\markkla01,CHI,PF,20,68,2020,15.6,0.552,0.465,0.193,4,23.7,13.5,6.4,0.9,1.8,8.2,21.9,,1.7,1.6,3.3,0.079,,1,-1.2,-0.2,0.9
Jarell Martin\martija01,MEM,PF,23,73,1661,10.5,0.516,0.198,0.234,6.6,15.8,11.1,7,1.2,2.8,13.6,17.1,,0.1,1.2,1.3,0.038,,-3.3,-0.7,-4,-0.8
Frank Mason III\masonfr01,SAC,PG,23,52,984,13,0.48,0.226,0.303,3.3,12.1,7.5,22.7,1.7,1,13.1,22.6,,0,0.6,0.5,0.027,,-1.3,-1,-2.3,-0.1
Mangok Mathiang\mathima01,CHO,C,25,4,20,18,0.538,0,0.143,16,38.5,27.1,0,2.4,0,0,16.1,,0,0,0.1,0.183,,-3.3,-1.3,-4.6,0
Wesley Matthews\matthwe02,DAL,SF,31,63,2131,11.4,0.541,0.577,0.145,1.4,9.2,5.2,12.3,1.8,0.7,10.1,17.6,,1,1.6,2.6,0.059,,-1,0.1,-0.9,0.6
Luc Mbah a Moute\mbahalu01,HOU,PF,31,61,1564,10.3,0.595,0.501,0.275,1.6,11.7,6.7,5,2.3,1.4,15,12.8,,0.8,2.1,2.8,0.087,,-1.6,1.4,-0.2,0.7
James Michael McAdoo\mcadoja01,PHI,PF,25,3,18,7.4,0.508,1,0.286,0,11.5,6,0,0,4.6,11.3,21,,0,0,0,0.023,,-2.3,-0.7,-3,0
Patrick McCaw\mccawpa01,GSW,SG,22,57,961,7.4,0.477,0.356,0.151,2,7.2,4.8,10.6,2.2,0.8,14.6,12.8,,-0.3,0.8,0.6,0.029,,-4.3,0.1,-4.1,-0.5
CJ McCollum\mccolcj01,POR,SG,26,81,2923,17,0.536,0.316,0.166,2,9.9,6,15.8,1.3,1,8.6,26.5,,3.7,2.9,6.6,0.108,,1.8,-0.5,1.2,2.4
T.J. McConnell\mccontj01,PHI,PG,25,76,1706,12.5,0.545,0.147,0.093,2.4,11.5,7.1,24.5,2.6,0.6,20.4,13.8,,1.3,2.5,3.8,0.108,,-1.9,1.9,0,0.9
Erik McCree\mccreer01,UTA,SF,24,4,8,-8.9,0,0.5,0,0,14,7.1,0,6.3,0,33.3,16.9,,-0.1,0,-0.1,-0.334,,-14.7,1,-13.7,0
Chris McCullough\mcculch01,WAS,PF,22,19,90,15.8,0.478,0.19,0.333,8.8,22.6,15.7,7.1,0,4.9,4,24.6,,0.1,0.1,0.2,0.081,,-0.3,-1.5,-1.8,0
Doug McDermott\mcderdo01,TOT,SF,26,81,1768,10.4,0.579,0.425,0.159,2.5,10.2,6.3,6.5,0.5,0.8,9.3,15,,1.7,0.6,2.3,0.063,,-1,-1.3,-2.2,-0.1
Doug McDermott\mcderdo01,NYK,SF,26,55,1172,9.9,0.562,0.418,0.162,3.1,9.5,6.3,6,0.4,0.9,8.8,14.4,,1.1,0.3,1.3,0.055,,-0.7,-1.4,-2.1,0
Doug McDermott\mcderdo01,DAL,SF,26,26,596,11.5,0.611,0.439,0.156,1.3,11.4,6.1,7.5,0.8,0.6,10.3,16.3,,0.6,0.3,1,0.077,,-1.5,-1,-2.6,-0.1
JaVale McGee\mcgeeja01,GSW,C,30,65,615,22.3,0.641,0.027,0.237,11.5,18.7,15.4,8,1.6,7.3,10,19.2,,1.7,1.1,2.7,0.212,,0.3,1.2,1.5,0.5
Rodney McGruder\mcgruro01,MIA,SG,26,18,299,12,0.595,0.479,0.11,4.1,8.3,6.2,8.4,1.3,0.9,5,12.1,,0.5,0.3,0.8,0.125,,-1,-0.4,-1.4,0.1
Trey McKinney-Jones\mckintr01,IND,SG,27,1,1,0,,,,0,0,0,0,0,0,,0,,0,0,0,-0.001,,-6.2,-2.3,-8.5,0
Alfonzo McKinnie\mckinal01,TOR,SF,25,14,53,10.1,0.643,0.6,0.2,2.2,12.4,7.4,2.7,0.9,1.5,15.5,16,,0,0.1,0.1,0.084,,-2.6,-0.4,-3,0
Ben McLemore\mclembe01,MEM,SG,24,56,1091,9.7,0.526,0.426,0.172,3.5,11.4,7.4,7.5,1.8,1.3,13.2,19,,-0.2,0.7,0.5,0.023,,-2.9,-1,-3.9,-0.5
Josh McRoberts\mcrobjo01,DAL,PF,30,2,6,-12.5,0,1,0,0,0,0,0,0,0,0,7.6,,0,0,0,-0.19,,-17.9,-3.6,-21.4,0
Jodie Meeks\meeksjo01,WAS,SG,30,77,1119,12.4,0.548,0.534,0.298,1.5,11.2,6.4,9.1,1.3,0.3,7.7,19,,1.3,0.8,2,0.087,,-0.3,-0.8,-1.1,0.3
Salah Mejri\mejrisa01,DAL,C,31,61,729,17.8,0.644,0.022,0.482,12.5,25.4,18.7,7.2,1.5,8.2,19,12.8,,1.3,1.3,2.7,0.175,,-2,2.8,0.7,0.5
Jordan Mickey\mickejo01,MIA,PF,23,23,284,10.6,0.515,0.195,0.232,7.1,24.9,16,4.8,1.1,3,16.6,17.1,,-0.1,0.4,0.3,0.054,,-5.2,-0.3,-5.6,-0.3
Khris Middleton\middlkh01,MIL,SF,26,82,2982,17.4,0.577,0.32,0.285,1.8,15,8.4,17.7,2,0.6,11.8,24.6,,4.6,2.3,6.9,0.111,,0.8,-0.8,0,1.5
C.J. Miles\milescj01,TOR,SF,30,70,1337,13,0.545,0.758,0.162,1.5,11,6.4,6,1.4,1.3,5.7,22.3,,1.4,1.5,2.9,0.103,,1,-0.7,0.3,0.8
Darius Miller\milleda01,NOP,SF,27,82,1944,9.3,0.617,0.735,0.138,1,7.9,4.6,7.5,0.7,0.7,10.1,12.8,,2.1,0.9,3,0.075,,-1.1,-0.8,-1.9,0.1
Malcolm Miller\millema01,TOR,SF,24,15,126,8.9,0.638,0.75,0.143,3.6,9.6,6.7,3.2,0.4,1.3,14.4,12.1,,0.1,0.1,0.2,0.087,,-0.8,-0.2,-1,0
Patty Mills\millspa02,SAS,PG,29,82,2107,11.8,0.558,0.607,0.173,1.4,6.8,4.1,16,1.3,0.4,12.6,17.8,,2,2.1,4.1,0.093,,-0.6,-0.4,-1,0.5
Paul Millsap\millspa01,DEN,PF,32,38,1143,17,0.549,0.26,0.37,6.4,17.6,12.1,13.9,1.7,3.2,12.6,22,,1.4,1.1,2.5,0.107,,0.4,0,0.4,0.7
Nikola Mirotić\mirotni01,TOT,PF,26,55,1494,18.7,0.577,0.523,0.2,4.3,24.9,14.6,8.6,1.4,2.2,7.7,23.4,,2.2,1.8,4,0.128,,2.5,-0.3,2.2,1.6
Nikola Mirotić\mirotni01,CHI,PF,26,25,622,22,0.624,0.533,0.262,3,25.3,13.7,11,1.2,1.9,8.4,25.7,,1.5,0.6,2,0.158,,4.9,-0.3,4.6,1
Nikola Mirotić\mirotni01,NOP,PF,26,30,872,16.3,0.539,0.516,0.152,5.3,24.6,15.3,6.8,1.6,2.4,7.1,21.8,,0.7,1.2,1.9,0.106,,0.8,-0.3,0.5,0.5
Donovan Mitchell\mitchdo01,UTA,SG,21,79,2638,16.7,0.541,0.404,0.218,2.3,10.4,6.4,19.4,2.2,0.9,12.6,29.1,,1.4,3.8,5.2,0.095,,0.9,0.3,1.2,2.2
Naz Mitrou-Long\mitrona01,UTA,SG,24,1,1,133.8,1.5,1,0,0,0,0,0,0,0,0,45,,0.1,0,0.1,2.712,,199.4,42.7,242.2,0
Malik Monk\monkma01,CHO,SG,19,63,854,10.3,0.477,0.572,0.089,1,7.5,4.2,16.9,1.1,0.9,10,24.9,,-0.5,0.5,0,0,,-1.3,-2,-3.4,-0.3
Greg Monroe\monrogr01,TOT,C,27,51,1040,21.2,0.598,0,0.308,11.4,25.2,18.3,18.7,2.1,1.8,17.7,22.4,,1.8,1.6,3.4,0.155,,1.3,1,2.2,1.1
Greg Monroe\monrogr01,MIL,C,27,5,79,11.1,0.489,0,0.121,8.9,28.1,18.5,10.2,0,0,14.7,23.3,,-0.1,0,0,-0.013,,-3.2,-2.4,-5.6,-0.1
Greg Monroe\monrogr01,PHO,C,27,20,465,21,0.642,0,0.297,11.3,25.7,18.4,18.2,1.6,1,18.6,19.6,,1,0.4,1.4,0.142,,2.1,0,2.1,0.5
Greg Monroe\monrogr01,BOS,C,27,26,496,23,0.58,0,0.348,11.9,24.4,18.2,20.5,2.8,2.9,17.4,24.9,,0.8,1.1,2,0.193,,1.2,2.4,3.6,0.7
Luis Montero\montelu01,DET,SG,24,2,8,-15.5,0,0,0,0,28.2,13.8,0,0,0,66.7,16.6,,-0.1,0,-0.1,-0.445,,-19,-6.6,-25.6,0
Ben Moore\moorebe01,IND,PF,22,2,9,-2.3,,,,0,12.5,6.3,13.1,0,0,,0,,0,0,0,0.072,,-10.5,1.3,-9.3,0
E'Twaun Moore\mooreet01,NOP,SG,28,82,2586,12.1,0.593,0.362,0.082,2.5,7.3,5,10.1,1.5,0.4,10.6,16.1,,2.8,1.6,4.4,0.081,,-1,-0.5,-1.6,0.3
Eric Moreland\moreler01,DET,PF,26,67,805,13.9,0.531,0,0.238,10.9,27.6,19.1,13.3,1.9,5.6,23.8,9.7,,0.7,1.6,2.3,0.135,,-2.8,3.3,0.5,0.5
Jaylen Morris\morrija01,ATL,SG,22,6,98,6.5,0.438,0.313,0,2.3,15.9,9.1,10.8,1,0.9,15.8,16.9,,-0.2,0.1,-0.1,-0.053,,-4.4,-1,-5.4,-0.1
Marcus Morris\morrima03,BOS,PF,28,54,1442,14.5,0.541,0.383,0.252,3.3,18.4,11,8.2,1.2,0.7,8.7,23,,1.1,2.2,3.2,0.108,,-0.1,-0.1,-0.1,0.7
Markieff Morris\morrima02,WAS,PF,28,73,1968,13.2,0.566,0.301,0.186,4.3,19.2,11.8,11,1.4,1.7,14.6,19.5,,1.2,2.1,3.3,0.08,,-1.3,0.1,-1.3,0.4
Monte Morris\morrimo01,DEN,PG,22,3,25,27.1,0.727,0.167,0.333,0,9,4.5,41.2,5.9,0,12.7,13.7,,0.1,0,0.2,0.312,,4.3,5,9.4,0.1
Johnathan Motley\motlejo01,DAL,PF,22,11,176,17.2,0.55,0.08,0.373,8.5,22.9,15.5,7.1,0.9,1,9.3,24.9,,0.1,0.2,0.3,0.084,,-1.3,-2,-3.3,-0.1
Timofey Mozgov\mozgoti01,BRK,C,31,31,359,12.3,0.617,0.194,0.323,9.4,19.7,14.5,4.8,0.7,2.7,23.7,16.8,,0.1,0.3,0.4,0.055,,-3.3,-0.6,-3.9,-0.2
Emmanuel Mudiay\mudiaem01,TOT,PG,21,64,1245,11.5,0.474,0.281,0.245,2.3,11.3,6.8,24.5,1.6,0.8,16.2,24.4,,-0.8,0.7,0,-0.002,,-2.1,-1.8,-3.9,-0.6
Emmanuel Mudiay\mudiaem01,DEN,PG,21,42,752,12.3,0.504,0.317,0.242,2.4,11.6,7,24.1,1.4,0.4,16.8,24.8,,0,0.3,0.3,0.019,,-1.4,-2.1,-3.5,-0.3
Emmanuel Mudiay\mudiaem01,NYK,PG,21,22,493,10.2,0.428,0.225,0.25,2.3,10.8,6.5,25,2,1.2,15.3,23.7,,-0.7,0.4,-0.3,-0.034,,-3.3,-1.4,-4.6,-0.3
Shabazz Muhammad\muhamsh01,TOT,SF-SG,25,43,418,15.4,0.51,0.144,0.266,6.3,14.8,10.6,5.7,1.1,0.6,2.8,23,,0.5,0.2,0.7,0.081,,-0.3,-2.3,-2.5,-0.1
Shabazz Muhammad\muhamsh01,MIN,SF,25,32,301,9.3,0.446,0.157,0.256,5.7,11.6,8.6,3.4,0.8,0.6,3.6,20.5,,0,0.1,0,0.008,,-3.1,-2.8,-5.9,-0.3
Shabazz Muhammad\muhamsh01,MIL,SG,25,11,117,31,0.624,0.119,0.284,8,23,15.5,11.8,1.7,0.7,1.3,29.5,,0.6,0.1,0.7,0.271,,7,-1,6,0.2
Xavier Munford\munfoxa02,MIL,SG,25,6,21,-2.1,0.218,0.333,0.333,5.6,0,2.8,24.6,2.4,0,22.5,19.1,,-0.1,0,-0.1,-0.197,,-9.3,-2,-11.3,0
Dejounte Murray\murrade01,SAS,PG,21,81,1743,15.1,0.485,0.056,0.243,7,22.4,14.6,20.2,2.8,1.5,16.6,20.7,,-0.2,3.4,3.2,0.087,,-1.6,2.2,0.5,1.1
Jamal Murray\murraja01,DEN,PG,20,81,2565,16.1,0.576,0.411,0.238,3.6,9.4,6.5,16.4,1.5,0.9,12.8,22.8,,4.3,1.2,5.5,0.103,,1.2,-1.5,-0.3,1.1
Mike Muscala\muscami01,ATL,C,26,53,1060,14.4,0.597,0.535,0.199,5.9,18.3,12.1,7.3,1.4,2.2,11,15.7,,1.5,0.9,2.4,0.109,,0.3,0.1,0.3,0.6
Abdel Nader\naderab01,BOS,SF,24,48,522,5.1,0.439,0.436,0.262,2.8,12,7.4,7.1,1.4,1.6,17,17.1,,-0.9,0.8,-0.1,-0.014,,-5.5,0.2,-5.3,-0.4
Larry Nance Jr.\nancela02,TOT,C,25,66,1421,20.2,0.605,0.029,0.332,12.4,22,17.3,8.6,3,2.2,9.7,15.9,,3.5,2.3,5.8,0.196,,0.9,1.5,2.4,1.6
Larry Nance Jr.\nancela02,LAL,C,25,42,922,19.4,0.618,0.016,0.344,12.6,20.2,16.4,9.2,3.1,1.8,12.3,15.3,,2.1,1.5,3.7,0.191,,0.6,1.8,2.4,1
Larry Nance Jr.\nancela02,CLE,C,25,24,499,21.5,0.585,0.05,0.313,12.1,25.5,18.9,7.6,2.8,3.1,5.2,17,,1.4,0.7,2.1,0.206,,1.5,0.7,2.2,0.5
Shabazz Napier\napiesh01,POR,PG,26,74,1535,14.2,0.544,0.411,0.26,1.9,10.1,6,14.6,2.6,0.7,13.2,19.5,,1.2,2,3.2,0.101,,-0.7,1.4,0.7,1
Jameer Nelson\nelsoja01,TOT,PG,35,50,1013,8.1,0.489,0.508,0.082,1.4,9.5,5.6,22.8,1.3,0.3,21,13.7,,-0.1,0.7,0.6,0.028,,-2.9,-0.4,-3.3,-0.3
Jameer Nelson\nelsoja01,NOP,PG,35,43,897,8.9,0.52,0.537,0.083,1.4,9.9,5.8,22.2,1.2,0.3,20.9,13,,0.3,0.6,0.8,0.045,,-2.3,-0.3,-2.6,-0.1
Jameer Nelson\nelsoja01,DET,PG,35,7,116,2.6,0.322,0.359,0.077,1.9,5.8,3.8,27.7,1.7,0.8,21.4,19.6,,-0.4,0.1,-0.3,-0.107,,-7.4,-1,-8.4,-0.2
Raul Neto\netora01,UTA,PG,25,41,498,11.9,0.55,0.311,0.232,1.6,9.5,5.6,23,1.3,0.7,17.8,18.3,,0.3,0.6,0.9,0.086,,-1.6,0.2,-1.4,0.1
Georges Niang\niangge01,UTA,PF,24,9,32,9.2,0.379,0.364,0.182,10.8,21.1,16,14,3.1,0,20.2,20.9,,-0.1,0.1,0,-0.029,,-4.9,0.9,-4,0
Joakim Noah\noahjo01,NYK,C,32,7,40,15.6,0.51,0,0.4,16.7,22.1,19.4,14,2.5,4.3,25.4,17.2,,0,0.1,0.1,0.072,,-2.5,1.7,-0.8,0
Nerlens Noel\noelne01,DAL,C,23,30,472,16.2,0.558,0.01,0.267,10.9,29.3,19.8,6.3,3.3,4.1,18.1,13.8,,0.4,1,1.3,0.135,,-2.2,2.7,0.5,0.3
Lucas Nogueira\noguelu01,TOR,C,25,49,418,17.3,0.661,0.238,0.35,4.9,18.1,11.7,7.2,2.7,8.2,14.8,11.4,,0.7,1,1.6,0.188,,0.1,5,5.2,0.8
Dirk Nowitzki\nowitdi01,DAL,C,39,77,1900,16.7,0.575,0.445,0.142,1.2,25.2,12.8,10.4,1.1,2.1,6,20.5,,2.6,2.2,4.8,0.121,,1.7,0.6,2.3,2.1
Frank Ntilikina\ntilila01,NYK,PG,19,78,1706,7,0.437,0.314,0.136,2.4,9.1,5.8,20,1.9,0.9,19.8,16.9,,-2,1.1,-0.9,-0.026,,-4.5,-0.5,-5,-1.3
Jusuf Nurkić\nurkiju01,POR,C,23,79,2088,19.2,0.528,0.007,0.287,10,26.9,18.5,11.7,1.5,4.3,14.6,26.4,,0.8,3.9,4.7,0.108,,-1.1,1.1,0,1.1
David Nwaba\nwabada01,CHI,SG,25,70,1646,12.2,0.542,0.123,0.48,5.6,16,10.6,9.4,1.7,1.6,13.1,15.6,,1.1,1.4,2.4,0.071,,-2.7,0.2,-2.5,-0.2
Johnny O'Bryant\obryajo01,CHO,PF,24,36,379,11.9,0.47,0.251,0.146,8.1,18.6,13.3,5.9,1.2,1.3,7.6,22.5,,-0.1,0.4,0.3,0.038,,-2.9,-1.5,-4.4,-0.2
Royce O'Neale\onealro01,UTA,SF,24,69,1150,10.8,0.54,0.415,0.268,2.5,20.6,11.7,12,1.6,1.2,14.8,14.6,,0.5,1.8,2.4,0.099,,-2,1.8,-0.2,0.5
Kyle O'Quinn\oquinky01,NYK,C,27,77,1387,20,0.625,0.044,0.331,9.7,27.8,18.8,16.8,1.3,6.1,18.5,17,,2.7,2.1,4.8,0.166,,0.4,2.6,3.1,1.8
Semi Ojeleye\ojelese01,BOS,PF,23,73,1150,4.6,0.473,0.665,0.218,3.6,11.6,7.7,2.4,0.9,0.3,10.8,9,,-0.2,1.3,1.2,0.048,,-4.6,-0.1,-4.7,-0.8
Emeka Okafor\okafoem01,NOP,C,35,26,353,16.4,0.545,0,0.232,14.9,21.7,18.4,3.1,1.1,5.6,11,14.4,,0.5,0.5,1,0.14,,-1.1,-0.2,-1.2,0.1
Jahlil Okafor\okafoja01,TOT,C,22,28,353,15.3,0.584,0.029,0.21,6.3,19.4,12.8,5.9,0.4,3.9,12.2,21,,0.3,0.3,0.6,0.083,,-1.8,0,-1.7,0
Jahlil Okafor\okafoja01,PHI,C,22,2,25,8.8,0.465,0,0.444,17.9,20.7,19.4,5.8,0,6.7,21.8,23.5,,0,0,0,0.005,,-6.4,0.1,-6.3,0
Jahlil Okafor\okafoja01,BRK,C,22,26,328,15.8,0.593,0.031,0.194,5.5,19.3,12.3,5.9,0.4,3.6,11.4,20.9,,0.3,0.3,0.6,0.089,,-1.4,0,-1.4,0
Victor Oladipo\oladivi01,IND,SG,25,75,2552,23.1,0.577,0.323,0.274,2.1,15.1,8.6,21.2,3.5,2,12.7,30.1,,4.3,4,8.2,0.155,,4.1,1.7,5.8,5
Kelly Olynyk\olynyke01,MIA,PF,26,76,1779,17.8,0.612,0.44,0.274,5.6,21.6,13.6,18.7,1.7,1.7,17.1,21.7,,2.8,2.7,5.5,0.148,,1.1,1.2,2.3,1.9
Chinanu Onuaku\onuakch01,HOU,C,21,1,22,-3.2,0.4,0,0,5.2,15.2,10.2,6.4,0,0,37.5,16.1,,-0.1,0,-0.1,-0.147,,-13,-1.7,-14.7,-0.1
Cedi Osman\osmande01,CLE,SF,22,61,672,11,0.577,0.468,0.247,3.2,16.6,10,8.7,1.6,0.4,13.4,15.7,,0.5,0.4,0.9,0.064,,-2.1,-0.7,-2.9,-0.1
Kelly Oubre Jr.\oubreke01,WAS,SF,22,81,2231,11.9,0.534,0.467,0.295,3,15.4,9.2,6.4,1.8,1.4,9.2,19.4,,1.4,2.3,3.7,0.08,,-1.6,-0.1,-1.7,0.2
Zaza Pachulia\pachuza01,GSW,C,33,69,972,17,0.612,0.004,0.352,11,25,18.5,15.2,1.9,1.4,19.1,17,,1.8,1.4,3.3,0.161,,-0.7,0.7,0,0.5
Marcus Paige\paigema01,CHO,PG,24,5,28,9.1,0.403,0.571,0.143,0,15.7,7.7,16.1,0,0,0,23,,0,0,0,-0.006,,-5.6,-3.2,-8.8,0
Georgios Papagiannis\papagge01,TOT,C,20,17,122,12.2,0.429,0,0,11.6,23.4,17.2,11.2,1.6,4.7,16,18.4,,-0.1,0.1,0,0.005,,-3.9,-0.3,-4.1,-0.1
Georgios Papagiannis\papagge01,SAC,C,20,16,118,10.7,0.415,0,0,11.1,24.2,17.4,11.5,0.9,4.8,16.3,18.7,,-0.2,0.1,0,-0.018,,-4.7,-1,-5.6,-0.1
Georgios Papagiannis\papagge01,POR,C,20,1,4,58.1,1,0,0,27.5,0,13.6,0,24.9,0,0,11,,0,0,0.1,0.675,,20.2,19.7,39.9,0
Jabari Parker\parkeja01,MIL,PF,22,31,743,17.1,0.55,0.244,0.163,6.6,17.1,11.9,13.1,1.7,1.2,11.2,24.4,,0.6,0.6,1.2,0.08,,0.9,-1.7,-0.8,0.2
Tony Parker\parketo01,SAS,PG,35,55,1071,12.7,0.498,0.095,0.201,0.7,9.2,4.9,28.2,1.3,0.1,13.9,20.5,,0.4,1.1,1.4,0.065,,-2.3,-0.9,-3.3,-0.3
Chandler Parsons\parsoch01,MEM,SF,29,36,691,13.6,0.578,0.517,0.115,2.3,13,7.5,16.4,1.3,1.5,12.5,18.3,,0.7,0.4,1.1,0.077,,1.2,-0.4,0.8,0.5
Patrick Patterson\pattepa01,OKC,PF,28,82,1270,10,0.555,0.643,0.173,2.7,14.6,8.4,6.1,1.9,1.6,10.3,10.8,,1.2,1.4,2.6,0.098,,-1.2,1,-0.2,0.6
Justin Patton\pattoju01,MIN,C,20,1,4,19.8,0.5,0,0,0,0,0,0,12.5,0,0,22.1,,0,0,0,0.151,,-2.2,5.4,3.2,0
Brandon Paul\paulbr01,SAS,SG,26,64,576,7.4,0.504,0.425,0.339,1.1,12,6.5,9,2.2,1,16.6,13.6,,-0.3,0.8,0.5,0.045,,-5.1,1.6,-3.5,-0.2
Chris Paul\paulch01,HOU,PG,32,58,1847,24.4,0.604,0.475,0.277,2.3,16.7,9.5,40.9,2.6,0.6,12.5,24.5,,7.5,2.7,10.2,0.265,,5.2,1.8,7.1,4.2
Adreian Payne\paynead01,ORL,PF,26,5,43,18.8,0.831,0.3,0.6,5.1,18,11.5,0,2.3,0,13.7,15,,0.1,0,0.2,0.203,,1.8,0.6,2.4,0
Cameron Payne\payneca01,CHI,PG,23,25,582,14,0.498,0.423,0.074,3.2,9.8,6.4,29.9,2.2,1.4,14,19.3,,0.3,0.4,0.8,0.063,,-0.1,-0.3,-0.4,0.2
Elfrid Payton\paytoel01,TOT,PG,23,63,1808,16.5,0.538,0.138,0.252,3.8,12.8,8.2,34.9,2.2,1,18.5,21.9,,1.4,1.4,2.8,0.075,,0.1,-0.3,-0.2,0.8
Elfrid Payton\paytoel01,ORL,PG,23,44,1257,18.1,0.564,0.146,0.249,4.1,11.2,7.6,35.5,2.5,1,18.3,21.8,,1.6,1.1,2.7,0.104,,1,0.1,1.1,1
Elfrid Payton\paytoel01,PHO,PG,23,19,551,13.1,0.481,0.12,0.258,3.2,16.3,9.7,33.7,1.7,0.9,18.8,22.1,,-0.2,0.3,0.1,0.009,,-2.1,-1.1,-3.2,-0.2
Gary Payton II\paytoga02,TOT,PG,25,23,221,9.8,0.443,0.338,0.122,6.5,15.5,11,13.7,1.5,1.1,8.2,16.8,,0,0.2,0.2,0.041,,-3.5,-0.4,-3.9,-0.1
Gary Payton II\paytoga02,MIL,PG,25,12,106,7.6,0.437,0.364,0.091,4.4,14.3,9.4,12.2,1.4,0.8,8,15.9,,0,0.1,0,0.016,,-4.6,-0.7,-5.3,-0.1
Gary Payton II\paytoga02,LAL,PG,25,11,115,11.8,0.447,0.317,0.146,8.4,16.5,12.5,15.1,1.7,1.4,8.4,17.6,,0,0.1,0.2,0.063,,-2.5,-0.1,-2.6,0
Kendrick Perkins\perkike01,CLE,C,33,1,15,8.4,0.521,0,1,0,7.4,3.7,17.3,3.3,0,25.8,11.4,,0,0,0,0.026,,-4.3,2.1,-2.2,0
London Perrantes\perralo01,CLE,PG,23,14,66,0.7,0.23,0.231,0.385,1.7,5,3.4,9.4,1.5,1.3,6.2,10.9,,-0.1,0,-0.1,-0.086,,-8.3,-0.9,-9.2,-0.1
Alec Peters\peteral01,PHO,PF,22,20,225,10.7,0.523,0.784,0.135,3.7,14,8.8,7.9,0.4,0.7,4.9,15.5,,0.2,0,0.3,0.055,,-0.5,-2.3,-2.8,0
Marshall Plumlee\plumlma02,MIL,C,25,8,52,10.9,0.697,0,5.333,9,29.2,19.2,4.8,0,1.6,23,11.3,,0.1,0,0.2,0.143,,-3.9,-0.6,-4.5,0
Mason Plumlee\plumlma01,DEN,C,27,74,1439,16.9,0.586,0.003,0.486,10.4,20.9,15.6,14.4,1.7,4.7,18.7,16.6,,1.8,1.8,3.6,0.12,,-1,1.4,0.5,0.9
Miles Plumlee\plumlmi01,ATL,C,29,55,918,10.6,0.574,0,0.333,9.4,18.3,13.9,7.2,0.9,2.8,23.4,12.8,,0.1,0.7,0.9,0.046,,-3.7,-0.1,-3.8,-0.4
Jakob Poeltl\poeltja01,TOR,C,22,82,1524,17.5,0.662,0.005,0.263,12.4,16.4,14.4,5.4,1.3,5.2,16.6,14.8,,3.1,2.4,5.6,0.175,,-0.7,1.1,0.4,0.9
Quincy Pondexter\pondequ01,CHI,SF,29,23,196,4,0.398,0.449,0.347,4.2,10.8,7.4,6.3,2,0.9,16.3,15,,-0.3,0.1,-0.2,-0.047,,-7,-0.4,-7.4,-0.3
Otto Porter\porteot01,WAS,SF,24,77,2432,18.3,0.602,0.354,0.145,4.8,18.1,11.4,10.1,2.4,1.5,7.4,18.4,,5,3.1,8.1,0.161,,2.6,1,3.5,3.4
Bobby Portis\portibo01,CHI,PF,22,73,1643,19.7,0.548,0.275,0.192,10,23,16.2,13.2,1.5,1.3,10.5,26,,2,1.5,3.5,0.101,,2.2,-1.3,0.8,1.2
Kristaps Porziņģis\porzikr01,NYK,PF,22,48,1553,20.4,0.539,0.256,0.309,4.4,18.1,11.3,6.2,1.1,6.4,8.4,31,,1.4,1.8,3.2,0.099,,1.9,-0.1,1.8,1.5
Dwight Powell\poweldw01,DAL,C,26,79,1672,18.8,0.656,0.195,0.43,8.7,21.3,14.7,8.5,2,1.7,10.3,15.5,,4.6,2.1,6.6,0.191,,0.6,1,1.6,1.5
Norman Powell\powelno01,TOR,SG,24,70,1062,8.5,0.492,0.497,0.104,1.5,10.9,6.3,11.8,1.7,1.2,14.4,18.9,,-0.6,1.2,0.6,0.027,,-3.2,0.2,-2.9,-0.3
Alex Poythress\poythal01,IND,PF,24,25,104,7.8,0.5,0.423,0,7.7,10.8,9.2,2.6,1.4,0.9,7.1,12,,0.1,0.1,0.1,0.066,,-3.8,-1.3,-5.1,-0.1
Taurean Prince\princta02,ATL,SF,23,82,2464,12.8,0.549,0.469,0.185,2.3,15.3,8.8,13.9,1.7,1.5,15.3,22.1,,0,2,2,0.038,,-0.5,-0.6,-1.1,0.6
Jacob Pullen\pulleja01,PHI,PG,28,3,6,-2.3,0.5,0.5,0,0,0,0,0,0,0,33.3,21.3,,0,0,0,-0.21,,-8.3,-4.4,-12.7,0
Rodney Purvis\purviro01,ORL,SG,23,16,290,4.5,0.423,0.486,0.14,0.4,9.9,5.1,8.5,0.5,0.8,8.1,18.7,,-0.4,0.1,-0.3,-0.056,,-6.1,-2.1,-8.2,-0.5
Zhou Qi\qizh01,HOU,C,22,18,124,1.9,0.295,0.594,0.375,5.5,14.4,10,2.1,0.8,9.6,21.2,16.8,,-0.5,0.2,-0.3,-0.104,,-10.3,0.2,-10.1,-0.3
Tim Quarterman\quartti01,HOU,SG,23,3,13,2.9,0.515,0.667,0.667,0,25.8,13,10.6,0,0,34,20,,0,0,0,-0.083,,-8.5,-1.2,-9.7,0
Ivan Rabb\rabbiv01,MEM,PF,20,36,516,16.6,0.599,0,0.237,11.6,24.1,17.7,10.4,1.2,2.4,17.3,17.7,,0.7,0.5,1.2,0.109,,-0.9,-1.2,-2,0
Julius Randle\randlju01,LAL,C,23,82,2190,19.9,0.606,0.05,0.47,8.9,22.8,15.9,15.8,0.9,1.7,16.3,25.3,,4,2.6,6.6,0.145,,0.6,0,0.6,1.4
Zach Randolph\randoza01,SAC,PF,36,59,1508,17.3,0.529,0.193,0.14,7,23.7,15,14.9,1.4,0.6,12.5,27.6,,0.3,1.2,1.5,0.048,,0.5,-1.5,-1,0.4
Xavier Rathan-Mayes\rathaxa01,MEM,SG,23,5,118,0.9,0.315,0.333,0.214,0,5,2.5,23,2.6,2.4,19.3,21.7,,-0.5,0.1,-0.4,-0.171,,-9.9,-1.6,-11.5,-0.3
J.J. Redick\redicjj01,PHI,SG,33,70,2116,15.9,0.614,0.523,0.248,0.5,8.3,4.5,15.1,0.8,0.2,9.6,21.7,,4.8,1.8,6.6,0.15,,2.2,-1.1,1.1,1.7
Davon Reed\reedda01,PHO,SG,22,21,242,4.8,0.388,0.5,0.158,0.9,16.6,8.6,7.6,2,0.7,11,16,,-0.5,0.2,-0.3,-0.06,,-5.8,-0.6,-6.4,-0.3
Willie Reed\reedwi02,TOT,C,27,42,428,19.2,0.671,0.017,0.455,9.1,21.8,15.5,3.6,1,4.3,11.6,16.6,,1,0.5,1.5,0.172,,0.5,0.3,0.8,0.3
Willie Reed\reedwi02,LAC,C,27,39,419,19.4,0.669,0.017,0.458,9.3,22,15.7,3.3,1,4.4,11.6,16.8,,1,0.5,1.5,0.171,,0.6,0.2,0.8,0.3
Willie Reed\reedwi02,DET,C,27,3,9,8.8,1,0,0,0,12.5,6.1,15.9,0,0,0,4.9,,0,0,0,0.187,,-5.3,2.6,-2.7,0
Josh Richardson\richajo01,MIA,SF,24,81,2689,13.6,0.551,0.38,0.16,2.9,9,6,13.2,2.3,2.4,12.9,18.2,,1.8,3.5,5.4,0.096,,-0.6,1.3,0.7,1.8
Malachi Richardson\richama01,TOT,SG,22,26,324,5.9,0.446,0.444,0.244,1.7,10.6,6,5.6,1.6,0.3,9.1,15.2,,-0.2,0.1,-0.1,-0.015,,-5,-1,-6,-0.3
Malachi Richardson\richama01,SAC,SG,22,25,319,5.8,0.445,0.443,0.25,1.7,10.4,5.9,5.7,1.6,0.3,9.3,15.2,,-0.2,0.1,-0.1,-0.016,,-5,-1,-6,-0.3
Malachi Richardson\richama01,TOR,SG,22,1,5,10.5,0.5,0.5,0,0,22,11.2,0,0,0,0,17.5,,0,0,0,0.045,,-5.6,-3,-8.6,0
Austin Rivers\riverau01,LAC,SG,25,61,2057,12.6,0.526,0.447,0.198,1.5,6.2,3.9,17.5,1.7,0.6,11.1,20.6,,1.4,1,2.4,0.056,,-0.3,-0.9,-1.2,0.4
Andre Roberson\roberan03,OKC,SG,26,39,1037,10.9,0.543,0.222,0.235,7.8,12.2,9.9,6,2.2,3.1,14.4,8.6,,0.8,1.3,2.2,0.1,,-1.9,1.8,-0.1,0.5
Devin Robinson\robinde01,WAS,SF,22,1,13,10.5,0.333,0,0,17.4,26,21.7,0,3.8,0,0,10.2,,0,0,0,0.098,,-4.2,2.1,-2.1,0
Glenn Robinson III\robingl02,IND,SF,24,23,338,10.8,0.529,0.4,0.129,3.7,8.6,6.2,6.8,1.9,0.3,5.3,12.5,,0.4,0.3,0.6,0.088,,-1.2,0.4,-0.7,0.1
Rajon Rondo\rondora01,NOP,PG,31,65,1705,15.3,0.522,0.304,0.093,2,14.2,8.4,42.2,2,0.5,22.7,16.9,,1.9,1.7,3.6,0.101,,0,-0.4,-0.3,0.7
Derrick Rose\rosede01,TOT,PG,29,25,420,11.5,0.507,0.161,0.247,3.5,5.8,4.7,13.6,0.8,0.8,14.5,25.4,,-0.2,0.1,-0.2,-0.018,,-2.1,-3.3,-5.4,-0.4
Derrick Rose\rosede01,CLE,PG,29,16,308,11.6,0.523,0.182,0.311,3.7,6.8,5.3,13,0.5,1.1,15.7,25.6,,-0.1,0,-0.1,-0.014,,-1.8,-3.5,-5.4,-0.3
Derrick Rose\rosede01,MIN,PG,29,9,112,11.2,0.463,0.111,0.093,3.1,3.1,3.1,15.2,1.8,0,11.1,25,,-0.1,0,-0.1,-0.029,,-2.9,-2.6,-5.5,-0.1
Terrence Ross\rosste01,ORL,SG,26,24,600,9.9,0.505,0.487,0.188,1.8,11.6,6.7,9.3,2.2,1.5,12.3,17.3,,-0.2,0.5,0.3,0.025,,-2.8,0.1,-2.7,-0.1
Terry Rozier\roziete01,BOS,PG,23,80,2068,15.1,0.52,0.503,0.186,3.4,16.3,9.9,17.5,1.9,0.8,8.5,20.4,,2.2,3.4,5.6,0.13,,0.9,1.2,2.1,2.1
Ricky Rubio\rubiori01,UTA,PG,27,77,2254,15.4,0.537,0.33,0.307,2.2,15.3,8.8,28.4,2.7,0.4,18.1,22.9,,1.5,3.8,5.3,0.112,,-0.7,1.5,0.7,1.6
D'Angelo Russell\russeda01,BRK,PG,21,48,1234,15.2,0.509,0.414,0.195,2.6,13.8,8.1,35.7,1.4,1,16.8,30.8,,-0.5,0.9,0.4,0.014,,0.8,-2,-1.2,0.3
Domantas Sabonis\sabondo01,IND,C,21,74,1810,17.5,0.567,0.056,0.339,10.4,25.2,17.8,12.7,1.1,1.6,15.3,22.1,,2.5,2.2,4.7,0.126,,-0.6,-0.5,-1.1,0.4
JaKarr Sampson\sampsja02,SAC,SF,24,22,344,13.9,0.585,0.123,0.198,6.7,19.7,12.9,3.9,1.2,6.1,8.3,12.5,,0.4,0.4,0.8,0.114,,-2.3,1.1,-1.2,0.1
Dario Šarić\saricda01,PHI,PF,23,78,2310,15.8,0.582,0.448,0.233,7.5,16.4,12.1,13,1.1,0.7,13.1,20.9,,3.8,2.8,6.6,0.137,,1.8,-0.5,1.3,1.9
Tomáš Satoranský\satorto01,WAS,SG,26,73,1643,15.4,0.615,0.263,0.25,5,11.1,8,24.8,1.6,0.8,16.3,13.7,,3.7,1.3,5,0.145,,0.8,0.5,1.2,1.3
Dennis Schröder\schrode01,ATL,PG,24,67,2078,17.3,0.515,0.229,0.231,2.4,8.8,5.6,36.2,1.7,0.2,12.7,30.4,,1.5,1,2.6,0.059,,1.2,-1.9,-0.6,0.7
Mike Scott\scottmi01,WAS,PF,29,76,1406,13.6,0.599,0.311,0.145,4,15.8,9.9,9.1,0.8,0.6,12.4,20,,1.4,1,2.5,0.085,,-0.6,-1.1,-1.7,0.1
Thabo Sefolosha\sefolth01,UTA,SF,33,38,806,15.8,0.591,0.35,0.225,4.1,18.4,11.3,6.3,3.2,1.3,10.2,16.4,,1,1.6,2.6,0.156,,0.2,2.5,2.7,0.9
Wayne Selden\seldewa01,MEM,SG,23,35,692,11.8,0.551,0.454,0.219,2.6,6.8,4.7,16,1.3,0.7,15.5,22.6,,0.1,0.2,0.3,0.023,,-0.9,-2.2,-3.1,-0.2
Ramon Sessions\sessira01,TOT,PG,31,28,392,11.2,0.479,0.222,0.487,1.7,9.1,5.4,27.2,1.8,0.4,17.4,19.3,,0.1,0.3,0.3,0.039,,-2.3,-0.9,-3.2,-0.1
Ramon Sessions\sessira01,NYK,PG,31,13,167,6.2,0.403,0.208,0.283,0.7,11.2,6,21.9,2.1,0.5,20.1,19.5,,-0.3,0.1,-0.2,-0.065,,-5.3,0,-5.4,-0.1
Ramon Sessions\sessira01,WAS,PG,31,15,225,14.9,0.533,0.234,0.656,2.5,7.5,5,31.1,1.5,0.4,15.4,19.1,,0.4,0.1,0.5,0.116,,-0.1,-1.5,-1.6,0
Iman Shumpert\shumpim01,CLE,SG,27,14,276,6.4,0.48,0.448,0.259,2.9,13.6,8.3,8.1,1.6,1.2,19.9,12.9,,-0.2,0.2,0,-0.006,,-3.4,0,-3.3,-0.1
Pascal Siakam\siakapa01,TOR,PF,23,81,1679,14.5,0.549,0.265,0.175,5.4,18.6,12.1,13.5,1.8,2,11.1,15.7,,2.1,2.5,4.7,0.133,,-0.3,1.6,1.3,1.4
Xavier Silas\silasxa01,BOS,SG,30,2,7,-4.9,0,0.667,0,15.8,15.4,15.6,0,7.1,0,0,19.1,,-0.1,0,0,-0.25,,-11.7,3.5,-8.1,0
Ben Simmons\simmobe01,PHI,PG,21,81,2732,20,0.557,0.011,0.342,5.9,19.5,13,37.4,2.5,2.1,19.5,22.3,,4.2,5,9.2,0.162,,2,2.5,4.5,4.5
Jonathon Simmons\simmojo02,ORL,SG,28,69,2029,12.7,0.555,0.268,0.317,3.3,9.7,6.5,13.3,1.4,0.6,14.4,22,,0.8,1.1,1.9,0.045,,-1.7,-1.3,-3.1,-0.5
Kobi Simmons\simmoko01,MEM,PG,20,32,643,7.7,0.49,0.206,0.132,2.5,6.6,4.5,16.5,1.4,0.7,18,17,,-0.4,0.2,-0.2,-0.013,,-4.7,-2.1,-6.9,-0.8
Kyle Singler\singlky01,OKC,SF,29,12,59,5.9,0.43,0.238,0.619,1.8,17.5,9.4,4.8,0.8,0,10.1,21.6,,-0.1,0,0,-0.031,,-5,-1.6,-6.7,-0.1
Marcus Smart\smartma01,BOS,SG,23,54,1614,10.8,0.479,0.483,0.258,3,9.8,6.4,23.7,2.2,1.2,18.4,19.4,,-0.6,2.5,1.9,0.056,,-2.1,1,-1.2,0.3
Dennis Smith Jr.\smithde03,DAL,PG,20,69,2049,12.8,0.473,0.331,0.188,2.6,11.8,7,29.5,1.7,0.8,14.9,28.9,,-2.4,1.7,-0.7,-0.017,,-1.2,-1.2,-2.4,-0.2
Ish Smith\smithis01,DET,PG,29,82,2043,15.4,0.525,0.126,0.145,1.4,10.9,6.1,28.4,1.6,0.9,11.2,20.8,,2.4,2,4.4,0.102,,-0.3,0.3,0,1
J.R. Smith\smithjr01,CLE,SG,32,80,2244,8.4,0.534,0.64,0.094,1.5,10.1,5.9,8.6,1.5,0.4,11.6,13.8,,0.6,0.9,1.4,0.031,,-2.1,-0.9,-3,-0.6
Jason Smith\smithja02,WAS,C,31,33,285,8.8,0.455,0.278,0.183,7.2,13.9,10.5,7.4,0.5,4,11.4,21.7,,-0.2,0.3,0,0.003,,-5.4,-1,-6.4,-0.3
Josh Smith\smithjo03,NOP,PF,32,3,12,3.5,0.25,0,0,28.1,8.7,18.1,0,0,0,0,14.4,,0,0,0,-0.013,,-8.4,-6.2,-14.6,0
Tony Snell\snellto01,MIL,SG,26,75,2053,8.5,0.578,0.631,0.113,0.5,7.5,4,6.5,1.1,1.2,7.5,10.6,,1.6,0.7,2.4,0.056,,-1.5,-0.8,-2.3,-0.1
Marreese Speights\speigma01,ORL,C,30,52,675,13.7,0.539,0.668,0.158,3.4,18.4,10.8,9.8,0.6,2.6,9.7,26.9,,0.1,0.5,0.6,0.045,,0.2,-1.4,-1.1,0.1
Nik Stauskas\stausni01,TOT,SG,24,41,523,9,0.543,0.649,0.188,0.8,12.3,6.5,11.1,0.8,0.6,13.5,15.9,,0.1,0.3,0.3,0.031,,-1.3,-1,-2.3,-0.1
Nik Stauskas\stausni01,PHI,SG,24,6,45,0.9,0.41,0.25,0.5,0,2.3,1.2,2.7,4.3,0,45,8.4,,-0.1,0.1,0,-0.044,,-8.2,2.3,-5.9,0
Nik Stauskas\stausni01,BRK,SG,24,35,478,9.8,0.547,0.66,0.18,0.9,13.2,7,11.9,0.5,0.6,12,16.7,,0.2,0.2,0.4,0.038,,-0.6,-1.3,-2,0
Lance Stephenson\stephla01,IND,SG,27,82,1850,12.4,0.495,0.327,0.179,3.8,22,12.9,18.6,1.2,0.8,14.6,21.6,,-0.2,2,1.8,0.046,,-1.5,-0.3,-1.8,0.1
David Stockton\stockda01,UTA,PG,26,3,9,33.9,1.05,1,1.333,0,0,0,0,0,0,17.4,28.8,,0.1,0,0.1,0.459,,6.7,1.1,7.9,0
Julyan Stone\stoneju01,CHO,SG,29,23,175,7.6,0.684,1,0.154,0.6,17.6,9,19.2,1.1,1,33.5,5.2,,0.2,0.2,0.3,0.087,,-3.2,1.9,-1.3,0
Edmond Sumner\sumneed01,IND,PG,22,1,2,39.8,1,0,0,0,56.1,28.2,0,0,0,0,22.3,,0,0,0,0.425,,-2.4,9.3,6.9,0
Caleb Swanigan\swanica01,POR,PF,20,27,189,7.5,0.449,0.133,0.3,8.7,22.3,15.6,10.8,1.3,1.3,20.9,20,,-0.3,0.3,0,-0.003,,-6.6,1.2,-5.5,-0.2
Jayson Tatum\tatumja01,BOS,SF,19,80,2443,15.2,0.586,0.29,0.309,2.3,15.6,9,8.3,1.7,2,10.7,19.4,,3,4,7.1,0.139,,0,1.2,1.2,2
Isaiah Taylor\taylois01,ATL,PG,23,67,1167,10.9,0.492,0.205,0.362,2.1,6.9,4.5,27,1.4,0.7,15.7,20.1,,0.2,0.5,0.6,0.027,,-3.1,-1.3,-4.4,-0.7
Jeff Teague\teaguje01,MIN,PG,29,70,2311,16.4,0.553,0.287,0.301,1.2,9.3,5.2,30.6,2.2,0.9,16.4,20.6,,3.4,1.4,4.9,0.101,,1.1,-0.7,0.4,1.4
Marquis Teague\teaguma01,MEM,PG,24,3,74,5.7,0.302,0.25,0.313,1.5,8,4.7,24.7,2.7,0,14.2,12.9,,-0.1,0,-0.1,-0.038,,-5.4,-0.4,-5.7,-0.1
Mirza Teletović\teletmi01,MIL,PF,32,10,159,13.5,0.623,0.789,0,2.2,14.7,8.5,9.5,1.3,0.5,10.9,18.2,,0.2,0.1,0.3,0.09,,2.1,-1.7,0.4,0.1
Garrett Temple\templga01,SAC,SG,31,65,1615,10.2,0.536,0.477,0.164,1.5,9.6,5.4,11.3,1.8,1.6,13.4,16.4,,0.3,0.9,1.2,0.035,,-2.2,-0.3,-2.5,-0.2
Miloš Teodosić\teodomi01,LAC,PG,30,45,1134,11.6,0.564,0.644,0.128,1.6,10.5,6.1,26.2,1,0.4,20.3,18.2,,0.9,0.5,1.4,0.058,,-0.3,-1.5,-1.7,0.1
Jason Terry\terryja01,MIL,SG,40,51,814,8.1,0.525,0.747,0.058,0.7,6.2,3.5,9.7,2.6,1.4,13.7,10.1,,0.1,0.6,0.7,0.042,,-2.6,0.6,-2,0
Daniel Theis\theisda01,BOS,C,25,63,936,16.1,0.616,0.249,0.348,10.7,21.2,16,9.1,1.6,4.3,17.2,15.5,,1.6,1.9,3.5,0.178,,-2,2.3,0.3,0.5
Isaiah Thomas\thomais02,TOT,PG,28,32,862,12.6,0.508,0.447,0.311,2.2,6.3,4.2,27.1,0.8,0.3,16.6,28.8,,-0.1,0.3,0.2,0.009,,-0.9,-3.9,-4.9,-0.6
Isaiah Thomas\thomais02,CLE,PG,28,15,406,12.3,0.493,0.448,0.351,2,6.5,4.3,25.1,1.1,0.4,15.5,28.9,,-0.1,0.1,-0.1,-0.008,,-1.2,-3.6,-4.8,-0.3
Isaiah Thomas\thomais02,LAL,PG,28,17,456,12.8,0.52,0.445,0.278,2.4,6,4.2,28.8,0.6,0.2,17.5,28.7,,0,0.2,0.2,0.024,,-0.7,-4.2,-4.9,-0.3
Lance Thomas\thomala01,NYK,PF,29,73,1353,6.3,0.513,0.464,0.199,3.6,10.7,7.2,4.2,1.1,0.9,12.1,10.7,,0.3,0.6,0.9,0.031,,-3.2,-0.5,-3.7,-0.6
Klay Thompson\thompkl01,GSW,SG,27,73,2506,16,0.598,0.442,0.083,1.5,10.3,6.2,11.2,1.1,1.1,9.5,23.7,,3.1,1.8,4.9,0.094,,1.7,-2.1,-0.4,1
Tristan Thompson\thomptr01,CLE,C,26,53,1072,13.6,0.569,0,0.336,13.4,23.3,18.4,4.3,0.7,1.3,11.8,12.6,,1.8,0.7,2.5,0.113,,-1,-1.9,-2.9,-0.2
Sindarius Thornwell\thornsi01,LAC,SG,23,73,1156,8.2,0.519,0.262,0.378,3.2,10,6.7,7.8,2,1.8,16.3,12.1,,0.1,0.9,1,0.041,,-3.4,1,-2.4,-0.1
Anthony Tolliver\tollian01,DET,PF,32,79,1757,13.9,0.663,0.773,0.282,3.1,12.3,7.6,7.5,0.9,1.1,9.9,14.8,,3.8,1.5,5.3,0.146,,1.2,-0.3,0.9,1.3
Karl-Anthony Towns\townska01,MIN,C,22,82,2918,24.9,0.646,0.243,0.343,9.3,30.9,20,10.8,1.1,3.5,10.5,22.9,,10.6,3.4,14,0.23,,4.9,0.2,5.1,5.2
P.J. Tucker\tuckepj01,HOU,PF,32,82,2281,8.3,0.537,0.703,0.136,4.6,17.8,11.3,4.6,1.7,1,13.7,10.5,,1,3,3.9,0.082,,-1.9,0.8,-1.1,0.5
Evan Turner\turneev01,POR,SF,29,79,2034,9.9,0.52,0.229,0.185,1.6,11.4,6.5,12.4,1.1,1.2,13.7,15.6,,0.5,2.1,2.6,0.061,,-2.9,0.4,-2.5,-0.3
Myles Turner\turnemy01,IND,C,21,65,1836,16.6,0.567,0.246,0.322,5.8,19.8,12.8,7,1,5.7,11.6,20,,2.2,2.5,4.7,0.122,,-0.6,0.4,-0.2,0.8
Ekpe Udoh\udohek01,UTA,C,30,63,810,15.2,0.56,0.008,0.467,9.6,11.4,10.5,9.1,2.7,7.7,12.1,9.1,,1.3,1.8,3.2,0.187,,-1.3,4.4,3.1,1.1
Tyler Ulis\ulisty01,PHO,PG,22,71,1658,10.1,0.465,0.265,0.183,1.5,6.8,4.1,28,2,0.3,17.6,18.5,,-0.7,0.5,-0.2,-0.006,,-3,-1.4,-4.4,-1
Jonas Valančiūnas\valanjo01,TOR,C,25,77,1727,22.5,0.628,0.108,0.307,12.1,30.3,21.4,7.5,0.8,3.2,12.9,22.7,,4.6,3,7.6,0.21,,2.4,0,2.4,1.9
Denzel Valentine\valende01,CHI,SG,24,77,2095,12.1,0.527,0.513,0.071,2.4,18.3,10.1,17.8,1.5,0.5,11.8,17.5,,1,1.5,2.5,0.057,,-1,0,-1,0.5
Fred VanVleet\vanvlfr01,TOR,PG,23,76,1520,15.9,0.556,0.479,0.185,1.9,11.5,6.8,22.8,2.2,1,11.2,19.1,,2.7,2,4.7,0.149,,1.4,1,2.4,1.7
Rashad Vaughn\vaughra01,TOT,SG,21,28,212,9.3,0.546,0.661,0.107,1.6,9.8,5.7,8.7,1.2,1.2,9.3,13.7,,0.1,0.1,0.2,0.05,,-1.3,-1.4,-2.6,0
Rashad Vaughn\vaughra01,MIL,SG,21,22,173,11.1,0.56,0.7,0.12,1.4,10.1,5.8,9.9,1.2,1.5,7.1,14.8,,0.2,0.1,0.3,0.073,,-0.1,-1.2,-1.3,0
Rashad Vaughn\vaughra01,BRK,SG,21,1,4,4.1,,,,0,0,0,31.7,0,0,,0,,0,0,0,0.106,,-5,-0.2,-5.3,0
Rashad Vaughn\vaughra01,ORL,SG,21,5,35,1.1,0.417,0.333,0,3.1,9.5,6.3,0,1.4,0,25,10.1,,-0.1,0,-0.1,-0.07,,-6.8,-2.2,-9,-0.1
Noah Vonleh\vonleno01,TOT,PF,22,54,875,12.8,0.509,0.282,0.248,8.5,30.2,19.2,5.7,1.1,1.6,10.7,14.5,,0.5,1.2,1.6,0.09,,-1.1,-0.2,-1.3,0.2
Noah Vonleh\vonleno01,POR,PF,22,33,476,12,0.543,0.063,0.323,8.1,30,19.1,3.8,0.6,1.9,12,11.5,,0.4,0.7,1.2,0.117,,-1.5,0.6,-0.9,0.1
Noah Vonleh\vonleno01,CHI,PF,22,21,399,13.9,0.484,0.435,0.196,9.1,30.4,19.3,8,1.6,1.3,9.6,18.1,,0,0.4,0.5,0.059,,-0.6,-1.2,-1.7,0
Nikola Vučević\vucevni01,ORL,C,27,57,1683,19.7,0.533,0.243,0.112,6.6,27.8,17.1,19.9,1.6,3,11,25.9,,1.3,2.3,3.6,0.102,,1.7,1,2.7,2
Dwyane Wade\wadedw01,TOT,SG,36,67,1536,15,0.5,0.163,0.277,3.7,14.6,9.2,23.5,2,2.6,15.5,26.2,,-0.4,1.6,1.1,0.036,,-0.9,-0.1,-1,0.4
Dwyane Wade\wadedw01,CLE,SG,36,46,1069,15.9,0.519,0.161,0.308,4.2,14.7,9.5,23.3,1.9,2.5,15.7,24.3,,0.4,0.9,1.3,0.057,,-0.1,-0.1,-0.2,0.5
Dwyane Wade\wadedw01,MIA,SG,36,21,467,13.1,0.465,0.166,0.223,2.6,14.4,8.5,23.9,2,2.7,15,30.7,,-0.8,0.7,-0.1,-0.014,,-2.8,0,-2.8,-0.1
Dion Waiters\waitedi01,MIA,SG,26,30,918,10.5,0.487,0.415,0.168,1,8.5,4.7,19.8,1.3,0.8,13.7,25,,-0.7,0.8,0.1,0.004,,-2.1,-1.4,-3.5,-0.4
Kemba Walker\walkeke02,CHO,PG,27,80,2736,20.6,0.572,0.441,0.308,1.2,8.7,4.9,27.4,1.6,0.7,10.4,27.4,,6.5,2,8.6,0.15,,4.7,-0.7,4,4.2
John Wall\walljo01,WAS,PG,27,41,1410,19.1,0.515,0.25,0.361,1.8,10.2,6,44.5,2,2.8,17,29.1,,1.2,1.5,2.7,0.092,,3.5,-0.5,3,1.8
Tyrone Wallace\wallaty01,LAC,PG,23,30,851,10.1,0.517,0.162,0.316,2.7,10.7,6.8,11.8,1.5,1.3,14.1,16.6,,0.2,0.5,0.7,0.042,,-3.1,-0.4,-3.5,-0.3
Derrick Walton\waltode01,MIA,PG,22,16,147,11.2,0.525,0.68,0.24,1.5,10.7,6.1,14.6,2.4,1.7,6.7,9.1,,0.2,0.2,0.4,0.128,,-1.1,2.4,1.3,0.1
Jameel Warney\warneja01,DAL,PF,24,3,27,22.5,0.599,0,0.417,15.9,21.3,18.5,0,0,0,6.6,25.6,,0.1,0,0.1,0.157,,2.5,-2.7,-0.2,0
T.J. Warren\warretj01,PHO,SF,24,65,2142,17.6,0.541,0.085,0.24,6.1,10.5,8.3,7.2,1.5,1.5,6.7,24.9,,2.6,0.8,3.4,0.077,,0.8,-1.6,-0.7,0.7
Travis Wear\weartr01,LAL,SF,27,17,228,6.9,0.497,0.653,0.111,0,17.6,8.9,4.2,0.8,1.8,7.4,15.2,,0,0.2,0.2,0.042,,-3.7,0,-3.7,-0.1
James Webb III\webbja01,BRK,SF,24,10,120,2.2,0.333,0.792,0,7,14.3,10.6,4.5,0.4,0,14.3,10.1,,-0.1,0,-0.1,-0.041,,-5.5,-2.8,-8.3,-0.2
Briante Weber\weberbr01,TOT,PG,25,18,237,10.1,0.527,0.256,0.233,3.8,13.1,8.4,13.1,3.8,1.9,24,11.7,,0,0.4,0.4,0.072,,-4.1,2.8,-1.3,0
Briante Weber\weberbr01,HOU,PG,25,13,118,11.1,0.547,0.409,0.182,2.9,14.2,8.6,15.2,4.2,2.2,22.8,11.5,,0.1,0.2,0.3,0.119,,-3.1,4.6,1.5,0.1
Briante Weber\weberbr01,MEM,PG,25,5,119,9.2,0.508,0.095,0.286,4.8,11.9,8.3,11.1,3.4,1.6,25.3,11.9,,-0.1,0.1,0.1,0.024,,-5,1,-4,-0.1
David West\westda01,GSW,C,37,73,999,20.9,0.6,0.021,0.209,7.7,18.2,13.3,20.5,2.3,5.9,16.2,21.7,,1.8,1.7,3.5,0.168,,0.7,2.5,3.1,1.3
Russell Westbrook\westbru01,OKC,PG,29,80,2914,24.7,0.524,0.193,0.336,5.6,25.7,15.3,49.8,2.5,0.6,16.4,34.1,,5.5,4.5,10.1,0.166,,4.8,1.5,6.3,6.1
Andrew White\whitean01,ATL,SF,24,15,209,5.8,0.461,0.671,0.055,2.1,16,9.1,4.3,0.7,0.4,9.7,17.3,,-0.2,0.1,-0.1,-0.034,,-3.4,-2.1,-5.5,-0.2
Derrick White\whitede01,SAS,PG,23,17,139,15.9,0.646,0.394,0.606,4,16.9,10.4,9.3,1.5,1.8,12.6,15.4,,0.3,0.2,0.5,0.17,,0.8,1.5,2.3,0.2
Okaro White\whiteok01,MIA,PF,25,6,80,8.9,0.577,0.688,0.188,4.2,11.2,7.7,3.5,0.6,1.1,5.5,10.3,,0.1,0.1,0.2,0.096,,-1,0.3,-0.7,0
Isaiah Whitehead\whiteis01,BRK,PG,22,16,180,11.5,0.53,0.209,0.221,2.3,13.1,7.7,19.6,2.2,0.8,20.3,28.5,,-0.3,0.2,-0.1,-0.035,,-3.4,-0.4,-3.8,-0.1
Hassan Whiteside\whiteha01,MIA,C,28,54,1364,24.1,0.573,0.003,0.315,14.3,36.6,25.4,6.9,1.4,5.9,12.3,24.7,,2.3,3,5.3,0.187,,1.5,1.1,2.6,1.6
Andrew Wiggins\wiggian01,MIN,SF,22,82,2979,13,0.505,0.26,0.242,3.1,10.8,6.9,8.2,1.5,1.5,8.8,23.4,,0.5,1.6,2.1,0.034,,-0.8,-1.7,-2.4,-0.3
Jacob Wiley\wileyja01,BRK,PF,23,5,33,8.2,0.41,0.5,0.5,6.4,29.2,17.7,8,1.5,0,0,6.4,,0,0,0.1,0.094,,-3.6,1.4,-2.3,0
Damien Wilkins\wilkida02,IND,SF,38,19,152,4.9,0.405,0.462,0.103,3.7,8.1,5.9,7.8,0.7,0.6,10.9,13.4,,-0.1,0.1,-0.1,-0.019,,-4.2,-1.9,-6.1,-0.2
Alan Williams\willial03,PHO,PF,25,5,70,9.3,0.455,0,0.5,4.5,29.5,16.8,16.3,3.4,1.2,24.2,17.5,,-0.1,0.1,0,-0.004,,-7.3,2.3,-5,-0.1
C.J. Williams\willicj01,LAC,SG,27,38,707,9.5,0.512,0.396,0.081,1.9,6.7,4.4,8.5,2.1,1.5,8.9,13.7,,0.3,0.5,0.7,0.051,,-2.8,0.7,-2.1,0
Derrick Williams\willide02,LAL,PF,26,2,9,-3.2,0.25,0.5,0,0,11.7,5.9,0,0,0,0,18.9,,0,0,0,-0.191,,-9.8,-7,-16.8,0
Lou Williams\willilo02,LAC,SG,31,79,2589,20.2,0.574,0.387,0.367,1.7,6.6,4.2,26.3,1.6,0.6,13.1,29.8,,5.5,1.2,6.7,0.125,,4.2,-1.8,2.3,2.8
Marvin Williams\willima02,CHO,PF,31,78,2006,13.9,0.603,0.542,0.218,3.9,16.2,10,7,1.4,1.6,9.7,14.8,,3.1,1.9,5,0.119,,0.6,0.3,1,1.5
Matt Williams\willima05,MIA,SG,24,3,11,-0.7,0.417,0.833,0,0,10.2,5.1,0,0,0,14.3,28.6,,-0.1,0,0,-0.197,,-7,-4.2,-11.2,0
Troy Williams\willitr02,TOT,SF,23,21,307,15.1,0.544,0.349,0.275,8,14.8,11.4,7.7,3.2,1.1,13.5,20.1,,0.2,0.4,0.5,0.085,,-1,0.5,-0.5,0.1
Troy Williams\willitr02,HOU,SF,23,4,17,-2.4,0.242,0.556,0.333,6.7,19.7,13.3,8.6,2.9,0,8.8,29.4,,-0.1,0,-0.1,-0.26,,-12.4,-3.3,-15.7,-0.1
Troy Williams\willitr02,NYK,SF,23,17,290,16.2,0.572,0.33,0.27,8.1,14.5,11.3,7.7,3.2,1.2,13.9,19.6,,0.3,0.3,0.6,0.105,,-0.3,0.7,0.4,0.2
D.J. Wilson\wilsodj01,MIL,PF,21,22,71,10.3,0.622,0.313,0.125,3.3,13.2,8.3,6.1,2.1,1.2,19.2,13.3,,0,0.1,0.1,0.054,,-2,0,-2,0
Jamil Wilson\wilsoja02,LAC,SF,27,15,274,11.4,0.634,0.778,0.049,1.2,11.5,6.4,5.2,0.9,2.4,8.8,14.3,,0.4,0.2,0.5,0.096,,0,0.2,0.2,0.2
Justise Winslow\winslju01,MIA,PF,21,68,1680,11.5,0.496,0.264,0.213,4.3,20.5,12.4,13,1.6,1.7,12.6,16.3,,0.2,2.4,2.6,0.075,,-2.2,1.1,-1.1,0.4
Jeff Withey\witheje01,DAL,C,27,9,39,8.3,0.444,0.625,0.125,2.8,26.6,14.2,0,0,6.8,10.6,22,,-0.1,0.1,0,-0.054,,-4.4,-0.6,-5,0
Nate Wolters\woltena01,UTA,PG,26,5,19,-2.9,0.167,0,0,6,5.9,6,7.1,0,0,0,14.2,,-0.1,0,-0.1,-0.137,,-9.4,-3.4,-12.8,-0.1
Brandan Wright\wrighbr03,TOT,PF,30,28,381,19,0.596,0,0.324,9.8,19.3,14.4,5.6,1.7,6.4,6.4,14.7,,0.8,0.5,1.3,0.163,,1.1,1,2.1,0.4
Brandan Wright\wrighbr03,MEM,PF,30,27,366,19.3,0.595,0,0.333,9.9,19.7,14.7,5.8,1.8,6.4,6.6,14.9,,0.8,0.5,1.2,0.163,,1.2,1,2.3,0.4
Brandan Wright\wrighbr03,HOU,PF,30,1,15,11.3,0.667,0,0,7.6,7.5,7.5,0,0,5.7,0,8.8,,0,0,0,0.157,,-1.5,0.3,-1.2,0
Delon Wright\wrighde01,TOR,PG,25,69,1433,16.5,0.574,0.354,0.271,3.6,11.7,7.7,19.6,2.5,1.8,13.9,17.2,,2.5,2.1,4.5,0.152,,1.4,1.8,3.3,1.9
Guerschon Yabusele\yabusgu01,BOS,PF,22,33,235,12.3,0.559,0.607,0.361,8,16.1,12.1,10,0.9,1.8,14.5,15.7,,0.3,0.3,0.6,0.122,,-1.4,0.2,-1.2,0
James Young\youngja01,PHI,SG,22,6,61,4.6,0.511,0.714,0.429,0,3.4,1.8,4.3,0,0,5.7,12.3,,0,0,0.1,0.041,,-4.5,-2.4,-6.9,-0.1
Joe Young\youngjo01,IND,PG,25,53,558,10.1,0.521,0.355,0.156,2.4,10.3,6.4,9.9,1.3,0.2,11.6,18,,0.1,0.4,0.5,0.043,,-2.3,-1.2,-3.5,-0.2
Nick Young\youngni01,GSW,SG,32,80,1393,10,0.562,0.668,0.133,1.7,7.9,5,3.5,1.3,0.4,7,17.5,,0.8,0.9,1.7,0.059,,-1.6,-1.9,-3.5,-0.5
Thaddeus Young\youngth01,IND,PF,29,81,2607,14.8,0.528,0.209,0.106,8,14.1,11.1,8.5,2.6,1.2,10.4,17.3,,2.3,3.2,5.5,0.101,,-0.2,0.4,0.2,1.4
Cody Zeller\zelleco01,CHO,C,25,33,627,15.9,0.602,0.019,0.545,11.4,19.3,15.3,7.4,1.1,2.8,14.6,15.7,,1.2,0.7,1.9,0.145,,-1.2,0,-1.2,0.1
Tyler Zeller\zellety01,TOT,C,28,66,1109,16,0.598,0.084,0.237,11,19.4,15.2,6.7,0.7,2.5,11.3,16.4,,2,0.9,2.9,0.126,,-0.5,-0.9,-1.4,0.2
Tyler Zeller\zellety01,BRK,C,28,42,703,15.3,0.587,0.114,0.262,9.4,20,14.7,6.5,0.6,2.2,12.1,17.9,,1,0.6,1.5,0.105,,-0.7,-0.4,-1,0.2
Tyler Zeller\zellety01,MIL,C,28,24,406,17.1,0.622,0.019,0.181,13.6,18.4,16,7,0.9,2.9,9.6,13.9,,1.1,0.3,1.4,0.163,,-0.3,-1.8,-2.1,0
Paul Zipser\zipsepa01,CHI,SF,23,54,824,5.2,0.445,0.47,0.107,1.6,16,8.5,8,1.2,1.6,14.9,15.2,,-1.1,0.6,-0.6,-0.034,,-5.5,-0.5,-6.1,-0.8
Ante Žižić\zizican01,CLE,C,21,32,214,24.2,0.746,0,0.433,12.8,18.6,15.7,3.8,0.5,5.2,12.1,18.8,,0.9,0.2,1,0.231,,1.9,-0.9,1,0.2
Ivica Zubac\zubaciv01,LAL,C,20,43,410,15.3,0.557,0.008,0.418,11.8,20.1,16,8.8,0.9,3,15.3,17.6,,0.5,0.5,1,0.118,,-1.8,-0.3,-2,0