Year,Rk,Team,,,,,,,,,,,,,,,,,,,,,,,,,,,,,,
2019,1,Milwaukee Bucks,,,,,,,,,,,,,,,,,,,,,,,,,,,,,,
2019,2,Toronto Raptors,,,,,,,,,,,,,,,,,,,,,,,,,,,,,,
2019,3,Golden State Warriors,,,,,,,,,,,,,,,,,,,,,,,,,,,,,,
2019,4,Denver Nuggets,,,,,,,,,,,,,,,,,,,,,,,,,,,,,,
2019,5,Houston Rockets,,,,,,,,,,,,,,,,,,,,,,,,,,,,,,
2019,6,Portland Trail Blazers,,,,,,,,,,,,,,,,,,,,,,,,,,,,,,
2019,7,Philadelphia 76ers,,,,,,,,,,,,,,,,,,,,,,,,,,,,,,
2019,8,Utah Jazz,,,,,,,,,,,,,,,,,,,,,,,,,,,,,,
2019,9,Boston Celtics,,,,,,,,,,,,,,,,,,,,,,,,,,,,,,
2019,10,Oklahoma City Thunder,,,,,,,,,,,,,,,,,,,,,,,,,,,,,,
2019,11,Indiana Pacers,,,,,,,,,,,,,,,,,,,,,,,,,,,,,,
2019,12,Los Angeles Clippers,,,,,,,,,,,,,,,,,,,,,,,,,,,,,,
2019,13,San Antonio Spurs,,,,,,,,,,,,,,,,,,,,,,,,,,,,,,
2019,14,Brooklyn Nets,,,,,,,,,,,,,,,,,,,,,,,,,,,,,,
2019,15,Orlando Magic,,,,,,,,,,,,,,,,,,,,,,,,,,,,,,
2019,16,Detroit Pistons,,,,,,,,,,,,,,,,,,,,,,,,,,,,,,
2019,17,Charlotte Hornets,,,,,,,,,,,,,,,,,,,,,,,,,,,,,,
2019,18,Miami Heat,,,,,,,,,,,,,,,,,,,,,,,,,,,,,,
2019,19,Sacramento Kings,,,,,,,,,,,,,,,,,,,,,,,,,,,,,,
2019,20,Los Angeles Lakers,,,,,,,,,,,,,,,,,,,,,,,,,,,,,,
2019,21,Minnesota Timberwolves,,,,,,,,,,,,,,,,,,,,,,,,,,,,,,
2019,22,Dallas Mavericks,,,,,,,,,,,,,,,,,,,,,,,,,,,,,,
2019,23,Memphis Grizzlies,,,,,,,,,,,,,,,,,,,,,,,,,,,,,,
2019,24,New Orleans Pelicans,,,,,,,,,,,,,,,,,,,,,,,,,,,,,,
2019,25,Washington Wizards,,,,,,,,,,,,,,,,,,,,,,,,,,,,,,
2019,26,Atlanta Hawks,,,,,,,,,,,,,,,,,,,,,,,,,,,,,,
2019,27,Chicago Bulls,,,,,,,,,,,,,,,,,,,,,,,,,,,,,,
2019,28,Cleveland Cavaliers,,,,,,,,,,,,,,,,,,,,,,,,,,,,,,
2019,29,Phoenix Suns,,,,,,,,,,,,,,,,,,,,,,,,,,,,,,
2019,30,New York Knicks,,,,,,,,,,,,,,,,,,,,,,,,,,,,,,
2018,1,Houston Rockets,,,,,,,,,,,,,,,,,,,,,,,,,,,,,,
2018,2,Toronto Raptors,,,,,,,,,,,,,,,,,,,,,,,,,,,,,,
2018,3,Golden State Warriors,,,,,,,,,,,,,,,,,,,,,,,,,,,,,,
2018,4,Boston Celtics,,,,,,,,,,,,,,,,,,,,,,,,,,,,,,
2018,5,Philadelphia 76ers,,,,,,,,,,,,,,,,,,,,,,,,,,,,,,
2018,6,Cleveland Cavaliers,,,,,,,,,,,,,,,,,,,,,,,,,,,,,,
2018,7,Portland Trail Blazers,,,,,,,,,,,,,,,,,,,,,,,,,,,,,,
2018,8,Indiana Pacers,,,,,,,,,,,,,,,,,,,,,,,,,,,,,,
2018,9,New Orleans Pelicans,,,,,,,,,,,,,,,,,,,,,,,,,,,,,,
2018,10,Oklahoma City Thunder,,,,,,,,,,,,,,,,,,,,,,,,,,,,,,
2018,11,Utah Jazz,,,,,,,,,,,,,,,,,,,,,,,,,,,,,,
2018,12,Minnesota Timberwolves,,,,,,,,,,,,,,,,,,,,,,,,,,,,,,
2018,13,San Antonio Spurs,,,,,,,,,,,,,,,,,,,,,,,,,,,,,,
2018,14,Denver Nuggets,,,,,,,,,,,,,,,,,,,,,,,,,,,,,,
2018,15,Miami Heat,,,,,,,,,,,,,,,,,,,,,,,,,,,,,,
2018,16,Milwaukee Bucks,,,,,,,,,,,,,,,,,,,,,,,,,,,,,,
2018,17,Washington Wizards,,,,,,,,,,,,,,,,,,,,,,,,,,,,,,
2018,18,Los Angeles Clippers,,,,,,,,,,,,,,,,,,,,,,,,,,,,,,
2018,19,Detroit Pistons,,,,,,,,,,,,,,,,,,,,,,,,,,,,,,
2018,20,Charlotte Hornets,,,,,,,,,,,,,,,,,,,,,,,,,,,,,,
2018,21,Los Angeles Lakers,,,,,,,,,,,,,,,,,,,,,,,,,,,,,,
2018,22,New York Knicks,,,,,,,,,,,,,,,,,,,,,,,,,,,,,,
2018,23,Brooklyn Nets,,,,,,,,,,,,,,,,,,,,,,,,,,,,,,
2018,24,Chicago Bulls,,,,,,,,,,,,,,,,,,,,,,,,,,,,,,
2018,25,Sacramento Kings,,,,,,,,,,,,,,,,,,,,,,,,,,,,,,
2018,26,Orlando Magic,,,,,,,,,,,,,,,,,,,,,,,,,,,,,,
2018,27,Atlanta Hawks,,,,,,,,,,,,,,,,,,,,,,,,,,,,,,
2018,28,Dallas Mavericks,,,,,,,,,,,,,,,,,,,,,,,,,,,,,,
2018,29,Memphis Grizzlies,,,,,,,,,,,,,,,,,,,,,,,,,,,,,,
2018,30,Phoenix Suns,,,,,,,,,,,,,,,,,,,,,,,,,,,,,,
2017,1,Golden State Warriors,,,,,,,,,,,,,,,,,,,,,,,,,,,,,,
2017,2,San Antonio Spurs,,,,,,,,,,,,,,,,,,,,,,,,,,,,,,
2017,3,Houston Rockets,,,,,,,,,,,,,,,,,,,,,,,,,,,,,,
2017,4,Boston Celtics,,,,,,,,,,,,,,,,,,,,,,,,,,,,,,
2017,5,Cleveland Cavaliers,,,,,,,,,,,,,,,,,,,,,,,,,,,,,,
2017,6,Los Angeles Clippers,,,,,,,,,,,,,,,,,,,,,,,,,,,,,,
2017,7,Toronto Raptors,,,,,,,,,,,,,,,,,,,,,,,,,,,,,,
2017,8,Utah Jazz,,,,,,,,,,,,,,,,,,,,,,,,,,,,,,
2017,9,Washington Wizards,,,,,,,,,,,,,,,,,,,,,,,,,,,,,,
2017,10,Oklahoma City Thunder,,,,,,,,,,,,,,,,,,,,,,,,,,,,,,
2017,11,Atlanta Hawks,,,,,,,,,,,,,,,,,,,,,,,,,,,,,,
2017,12,Memphis Grizzlies,,,,,,,,,,,,,,,,,,,,,,,,,,,,,,
2017,13,Indiana Pacers,,,,,,,,,,,,,,,,,,,,,,,,,,,,,,
2017,14,Milwaukee Bucks,,,,,,,,,,,,,,,,,,,,,,,,,,,,,,
2017,15,Chicago Bulls,,,,,,,,,,,,,,,,,,,,,,,,,,,,,,
2017,16,Portland Trail Blazers,,,,,,,,,,,,,,,,,,,,,,,,,,,,,,
2017,17,Miami Heat,,,,,,,,,,,,,,,,,,,,,,,,,,,,,,
2017,18,Denver Nuggets,,,,,,,,,,,,,,,,,,,,,,,,,,,,,,
2017,19,Detroit Pistons,,,,,,,,,,,,,,,,,,,,,,,,,,,,,,
2017,20,Charlotte Hornets,,,,,,,,,,,,,,,,,,,,,,,,,,,,,,
2017,21,New Orleans Pelicans,,,,,,,,,,,,,,,,,,,,,,,,,,,,,,
2017,22,Dallas Mavericks,,,,,,,,,,,,,,,,,,,,,,,,,,,,,,
2017,23,Sacramento Kings,,,,,,,,,,,,,,,,,,,,,,,,,,,,,,
2017,24,Minnesota Timberwolves,,,,,,,,,,,,,,,,,,,,,,,,,,,,,,
2017,25,New York Knicks,,,,,,,,,,,,,,,,,,,,,,,,,,,,,,
2017,26,Orlando Magic,,,,,,,,,,,,,,,,,,,,,,,,,,,,,,
2017,27,Philadelphia 76ers,,,,,,,,,,,,,,,,,,,,,,,,,,,,,,
2017,28,Los Angeles Lakers,,,,,,,,,,,,,,,,,,,,,,,,,,,,,,
2017,29,Phoenix Suns,,,,,,,,,,,,,,,,,,,,,,,,,,,,,,
2017,30,Brooklyn Nets,,,,,,,,,,,,,,,,,,,,,,,,,,,,,,
2016,1,Golden State Warriors,,,,,,,,,,,,,,,,,,,,,,,,,,,,,,
2016,2,San Antonio Spurs,,,,,,,,,,,,,,,,,,,,,,,,,,,,,,
2016,3,Cleveland Cavaliers,,,,,,,,,,,,,,,,,,,,,,,,,,,,,,
2016,4,Toronto Raptors,,,,,,,,,,,,,,,,,,,,,,,,,,,,,,
2016,5,Oklahoma City Thunder,,,,,,,,,,,,,,,,,,,,,,,,,,,,,,
2016,6,Los Angeles Clippers,,,,,,,,,,,,,,,,,,,,,,,,,,,,,,
2016,7,Atlanta Hawks,,,,,,,,,,,,,,,,,,,,,,,,,,,,,,
2016,8,Boston Celtics,,,,,,,,,,,,,,,,,,,,,,,,,,,,,,
2016,9,Charlotte Hornets,,,,,,,,,,,,,,,,,,,,,,,,,,,,,,
2016,10,Miami Heat,,,,,,,,,,,,,,,,,,,,,,,,,,,,,,
2016,11,Indiana Pacers,,,,,,,,,,,,,,,,,,,,,,,,,,,,,,
2016,12,Detroit Pistons,,,,,,,,,,,,,,,,,,,,,,,,,,,,,,
2016,13,Portland Trail Blazers,,,,,,,,,,,,,,,,,,,,,,,,,,,,,,
2016,14,Dallas Mavericks,,,,,,,,,,,,,,,,,,,,,,,,,,,,,,
2016,15,Memphis Grizzlies,,,,,,,,,,,,,,,,,,,,,,,,,,,,,,
2016,16,Chicago Bulls,,,,,,,,,,,,,,,,,,,,,,,,,,,,,,
2016,17,Houston Rockets,,,,,,,,,,,,,,,,,,,,,,,,,,,,,,
2016,18,Washington Wizards,,,,,,,,,,,,,,,,,,,,,,,,,,,,,,
2016,19,Utah Jazz,,,,,,,,,,,,,,,,,,,,,,,,,,,,,,
2016,20,Orlando Magic,,,,,,,,,,,,,,,,,,,,,,,,,,,,,,
2016,21,Denver Nuggets,,,,,,,,,,,,,,,,,,,,,,,,,,,,,,
2016,22,Milwaukee Bucks,,,,,,,,,,,,,,,,,,,,,,,,,,,,,,
2016,23,Sacramento Kings,,,,,,,,,,,,,,,,,,,,,,,,,,,,,,
2016,24,New York Knicks,,,,,,,,,,,,,,,,,,,,,,,,,,,,,,
2016,25,New Orleans Pelicans,,,,,,,,,,,,,,,,,,,,,,,,,,,,,,
2016,26,Minnesota Timberwolves,,,,,,,,,,,,,,,,,,,,,,,,,,,,,,
2016,27,Phoenix Suns,,,,,,,,,,,,,,,,,,,,,,,,,,,,,,
2016,28,Brooklyn Nets,,,,,,,,,,,,,,,,,,,,,,,,,,,,,,
2016,29,Los Angeles Lakers,,,,,,,,,,,,,,,,,,,,,,,,,,,,,,
2016,30,Philadelphia 76ers,,,,,,,,,,,,,,,,,,,,,,,,,,,,,,
2015,1,Golden State Warriors,,,,,,,,,,,,,,,,,,,,,,,,,,,,,,
2015,2,Atlanta Hawks,,,,,,,,,,,,,,,,,,,,,,,,,,,,,,
2015,3,Houston Rockets,,,,,,,,,,,,,,,,,,,,,,,,,,,,,,
2015,4,Los Angeles Clippers,,,,,,,,,,,,,,,,,,,,,,,,,,,,,,
2015,5,Memphis Grizzlies,,,,,,,,,,,,,,,,,,,,,,,,,,,,,,
2015,6,San Antonio Spurs,,,,,,,,,,,,,,,,,,,,,,,,,,,,,,
2015,7,Cleveland Cavaliers,,,,,,,,,,,,,,,,,,,,,,,,,,,,,,
2015,8,Portland Trail Blazers,,,,,,,,,,,,,,,,,,,,,,,,,,,,,,
2015,9,Chicago Bulls,,,,,,,,,,,,,,,,,,,,,,,,,,,,,,
2015,10,Dallas Mavericks,,,,,,,,,,,,,,,,,,,,,,,,,,,,,,
2015,11,Toronto Raptors,,,,,,,,,,,,,,,,,,,,,,,,,,,,,,
2015,12,Washington Wizards,,,,,,,,,,,,,,,,,,,,,,,,,,,,,,
2015,13,New Orleans Pelicans,,,,,,,,,,,,,,,,,,,,,,,,,,,,,,
2015,14,Oklahoma City Thunder,,,,,,,,,,,,,,,,,,,,,,,,,,,,,,
2015,15,Milwaukee Bucks,,,,,,,,,,,,,,,,,,,,,,,,,,,,,,
2015,16,Boston Celtics,,,,,,,,,,,,,,,,,,,,,,,,,,,,,,
2015,17,Phoenix Suns,,,,,,,,,,,,,,,,,,,,,,,,,,,,,,
2015,18,Brooklyn Nets,,,,,,,,,,,,,,,,,,,,,,,,,,,,,,
2015,19,Indiana Pacers,,,,,,,,,,,,,,,,,,,,,,,,,,,,,,
2015,20,Utah Jazz,,,,,,,,,,,,,,,,,,,,,,,,,,,,,,
2015,21,Miami Heat,,,,,,,,,,,,,,,,,,,,,,,,,,,,,,
2015,22,Charlotte Hornets,,,,,,,,,,,,,,,,,,,,,,,,,,,,,,
2015,23,Detroit Pistons,,,,,,,,,,,,,,,,,,,,,,,,,,,,,,
2015,24,Denver Nuggets,,,,,,,,,,,,,,,,,,,,,,,,,,,,,,
2015,25,Sacramento Kings,,,,,,,,,,,,,,,,,,,,,,,,,,,,,,
2015,26,Orlando Magic,,,,,,,,,,,,,,,,,,,,,,,,,,,,,,
2015,27,Los Angeles Lakers,,,,,,,,,,,,,,,,,,,,,,,,,,,,,,
2015,28,Philadelphia 76ers,,,,,,,,,,,,,,,,,,,,,,,,,,,,,,
2015,29,New York Knicks,,,,,,,,,,,,,,,,,,,,,,,,,,,,,,
2015,30,Minnesota Timberwolves,,,,,,,,,,,,,,,,,,,,,,,,,,,,,,
2014,1,San Antonio Spurs,,,,,,,,,,,,,,,,,,,,,,,,,,,,,,
2014,2,Oklahoma City Thunder,,,,,,,,,,,,,,,,,,,,,,,,,,,,,,
2014,3,Los Angeles Clippers,,,,,,,,,,,,,,,,,,,,,,,,,,,,,,
2014,4,Indiana Pacers,,,,,,,,,,,,,,,,,,,,,,,,,,,,,,
2014,5,Houston Rockets,,,,,,,,,,,,,,,,,,,,,,,,,,,,,,
2014,6,Miami Heat,,,,,,,,,,,,,,,,,,,,,,,,,,,,,,
2014,7,Portland Trail Blazers,,,,,,,,,,,,,,,,,,,,,,,,,,,,,,
2014,8,Golden State Warriors,,,,,,,,,,,,,,,,,,,,,,,,,,,,,,
2014,9,Memphis Grizzlies,,,,,,,,,,,,,,,,,,,,,,,,,,,,,,
2014,10,Dallas Mavericks,,,,,,,,,,,,,,,,,,,,,,,,,,,,,,
2014,11,Chicago Bulls,,,,,,,,,,,,,,,,,,,,,,,,,,,,,,
2014,12,Toronto Raptors,,,,,,,,,,,,,,,,,,,,,,,,,,,,,,
2014,13,Phoenix Suns,,,,,,,,,,,,,,,,,,,,,,,,,,,,,,
2014,14,Brooklyn Nets,,,,,,,,,,,,,,,,,,,,,,,,,,,,,,
2014,15,Washington Wizards,,,,,,,,,,,,,,,,,,,,,,,,,,,,,,
2014,16,Charlotte Bobcats,,,,,,,,,,,,,,,,,,,,,,,,,,,,,,
2014,17,Minnesota Timberwolves,,,,,,,,,,,,,,,,,,,,,,,,,,,,,,
2014,18,Atlanta Hawks,,,,,,,,,,,,,,,,,,,,,,,,,,,,,,
2014,19,New York Knicks,,,,,,,,,,,,,,,,,,,,,,,,,,,,,,
2014,20,Denver Nuggets,,,,,,,,,,,,,,,,,,,,,,,,,,,,,,
2014,21,New Orleans Pelicans,,,,,,,,,,,,,,,,,,,,,,,,,,,,,,
2014,22,Cleveland Cavaliers,,,,,,,,,,,,,,,,,,,,,,,,,,,,,,
2014,23,Detroit Pistons,,,,,,,,,,,,,,,,,,,,,,,,,,,,,,
2014,24,Sacramento Kings,,,,,,,,,,,,,,,,,,,,,,,,,,,,,,
2014,25,Los Angeles Lakers,,,,,,,,,,,,,,,,,,,,,,,,,,,,,,
2014,26,Boston Celtics,,,,,,,,,,,,,,,,,,,,,,,,,,,,,,
2014,27,Utah Jazz,,,,,,,,,,,,,,,,,,,,,,,,,,,,,,
2014,28,Orlando Magic,,,,,,,,,,,,,,,,,,,,,,,,,,,,,,
2014,29,Philadelphia 76ers,,,,,,,,,,,,,,,,,,,,,,,,,,,,,,
2014,30,Milwaukee Bucks,,,,,,,,,,,,,,,,,,,,,,,,,,,,,,
2013,1,Miami Heat,,,,,,,,,,,,,,,,,,,,,,,,,,,,,,
2013,2,Oklahoma City Thunder,,,,,,,,,,,,,,,,,,,,,,,,,,,,,,
2013,3,San Antonio Spurs,,,,,,,,,,,,,,,,,,,,,,,,,,,,,,
2013,4,Denver Nuggets,,,,,,,,,,,,,,,,,,,,,,,,,,,,,,
2013,5,Los Angeles Clippers,,,,,,,,,,,,,,,,,,,,,,,,,,,,,,
2013,6,Memphis Grizzlies,,,,,,,,,,,,,,,,,,,,,,,,,,,,,,
2013,7,New York Knicks,,,,,,,,,,,,,,,,,,,,,,,,,,,,,,
2013,8,Brooklyn Nets,,,,,,,,,,,,,,,,,,,,,,,,,,,,,,
2013,9,Indiana Pacers,,,,,,,,,,,,,,,,,,,,,,,,,,,,,,
2013,10,Golden State Warriors,,,,,,,,,,,,,,,,,,,,,,,,,,,,,,
2013,11,Chicago Bulls,,,,,,,,,,,,,,,,,,,,,,,,,,,,,,
2013,12,Houston Rockets,,,,,,,,,,,,,,,,,,,,,,,,,,,,,,
2013,13,Los Angeles Lakers,,,,,,,,,,,,,,,,,,,,,,,,,,,,,,
2013,14,Atlanta Hawks,,,,,,,,,,,,,,,,,,,,,,,,,,,,,,
2013,15,Utah Jazz,,,,,,,,,,,,,,,,,,,,,,,,,,,,,,
2013,16,Boston Celtics,,,,,,,,,,,,,,,,,,,,,,,,,,,,,,
2013,17,Dallas Mavericks,,,,,,,,,,,,,,,,,,,,,,,,,,,,,,
2013,18,Milwaukee Bucks,,,,,,,,,,,,,,,,,,,,,,,,,,,,,,
2013,19,Philadelphia 76ers,,,,,,,,,,,,,,,,,,,,,,,,,,,,,,
2013,20,Toronto Raptors,,,,,,,,,,,,,,,,,,,,,,,,,,,,,,
2013,21,Portland Trail Blazers,,,,,,,,,,,,,,,,,,,,,,,,,,,,,,
2013,22,Minnesota Timberwolves,,,,,,,,,,,,,,,,,,,,,,,,,,,,,,
2013,23,Detroit Pistons,,,,,,,,,,,,,,,,,,,,,,,,,,,,,,
2013,24,Washington Wizards,,,,,,,,,,,,,,,,,,,,,,,,,,,,,,
2013,25,Sacramento Kings,,,,,,,,,,,,,,,,,,,,,,,,,,,,,,
2013,26,New Orleans Hornets,,,,,,,,,,,,,,,,,,,,,,,,,,,,,,
2013,27,Phoenix Suns,,,,,,,,,,,,,,,,,,,,,,,,,,,,,,
2013,28,Cleveland Cavaliers,,,,,,,,,,,,,,,,,,,,,,,,,,,,,,
2013,29,Charlotte Bobcats,,,,,,,,,,,,,,,,,,,,,,,,,,,,,,
2013,30,Orlando Magic,,,,,,,,,,,,,,,,,,,,,,,,,,,,,,
2012,1,Chicago Bulls,,,,,,,,,,,,,,,,,,,,,,,,,,,,,,
2012,2,San Antonio Spurs,,,,,,,,,,,,,,,,,,,,,,,,,,,,,,
2012,3,Oklahoma City Thunder,,,,,,,,,,,,,,,,,,,,,,,,,,,,,,
2012,4,Miami Heat,,,,,,,,,,,,,,,,,,,,,,,,,,,,,,
2012,5,Indiana Pacers,,,,,,,,,,,,,,,,,,,,,,,,,,,,,,
2012,6,Los Angeles Lakers,,,,,,,,,,,,,,,,,,,,,,,,,,,,,,
2012,7,Memphis Grizzlies,,,,,,,,,,,,,,,,,,,,,,,,,,,,,,
2012,8,Atlanta Hawks,,,,,,,,,,,,,,,,,,,,,,,,,,,,,,
2012,9,Los Angeles Clippers,,,,,,,,,,,,,,,,,,,,,,,,,,,,,,
2012,10,Boston Celtics,,,,,,,,,,,,,,,,,,,,,,,,,,,,,,
2012,11,Denver Nuggets,,,,,,,,,,,,,,,,,,,,,,,,,,,,,,
2012,12,Orlando Magic,,,,,,,,,,,,,,,,,,,,,,,,,,,,,,
2012,13,Dallas Mavericks,,,,,,,,,,,,,,,,,,,,,,,,,,,,,,
2012,14,New York Knicks,,,,,,,,,,,,,,,,,,,,,,,,,,,,,,
2012,15,Utah Jazz,,,,,,,,,,,,,,,,,,,,,,,,,,,,,,
2012,16,Philadelphia 76ers,,,,,,,,,,,,,,,,,,,,,,,,,,,,,,
2012,17,Houston Rockets,,,,,,,,,,,,,,,,,,,,,,,,,,,,,,
2012,18,Phoenix Suns,,,,,,,,,,,,,,,,,,,,,,,,,,,,,,
2012,19,Milwaukee Bucks,,,,,,,,,,,,,,,,,,,,,,,,,,,,,,
2012,20,Portland Trail Blazers,,,,,,,,,,,,,,,,,,,,,,,,,,,,,,
2012,21,Minnesota Timberwolves,,,,,,,,,,,,,,,,,,,,,,,,,,,,,,
2012,22,Detroit Pistons,,,,,,,,,,,,,,,,,,,,,,,,,,,,,,
2012,23,Golden State Warriors,,,,,,,,,,,,,,,,,,,,,,,,,,,,,,
2012,24,Toronto Raptors,,,,,,,,,,,,,,,,,,,,,,,,,,,,,,
2012,25,New Jersey Nets,,,,,,,,,,,,,,,,,,,,,,,,,,,,,,
2012,26,Sacramento Kings,,,,,,,,,,,,,,,,,,,,,,,,,,,,,,
2012,27,Cleveland Cavaliers,,,,,,,,,,,,,,,,,,,,,,,,,,,,,,
2012,28,New Orleans Hornets,,,,,,,,,,,,,,,,,,,,,,,,,,,,,,
2012,29,Washington Wizards,,,,,,,,,,,,,,,,,,,,,,,,,,,,,,
2012,30,Charlotte Bobcats,,,,,,,,,,,,,,,,,,,,,,,,,,,,,,
2011,1,Chicago Bulls,,,,,,,,,,,,,,,,,,,,,,,,,,,,,,
2011,2,San Antonio Spurs,,,,,,,,,,,,,,,,,,,,,,,,,,,,,,
2011,3,Miami Heat,,,,,,,,,,,,,,,,,,,,,,,,,,,,,,
2011,4,Dallas Mavericks,,,,,,,,,,,,,,,,,,,,,,,,,,,,,,
2011,5,Los Angeles Lakers,,,,,,,,,,,,,,,,,,,,,,,,,,,,,,
2011,6,Boston Celtics,,,,,,,,,,,,,,,,,,,,,,,,,,,,,,
2011,7,Oklahoma City Thunder,,,,,,,,,,,,,,,,,,,,,,,,,,,,,,
2011,8,Orlando Magic,,,,,,,,,,,,,,,,,,,,,,,,,,,,,,
2011,9,Denver Nuggets,,,,,,,,,,,,,,,,,,,,,,,,,,,,,,
2011,10,Portland Trail Blazers,,,,,,,,,,,,,,,,,,,,,,,,,,,,,,
2011,11,Memphis Grizzlies,,,,,,,,,,,,,,,,,,,,,,,,,,,,,,
2011,12,New Orleans Hornets,,,,,,,,,,,,,,,,,,,,,,,,,,,,,,
2011,13,Atlanta Hawks,,,,,,,,,,,,,,,,,,,,,,,,,,,,,,
2011,14,Houston Rockets,,,,,,,,,,,,,,,,,,,,,,,,,,,,,,
2011,15,New York Knicks,,,,,,,,,,,,,,,,,,,,,,,,,,,,,,
2011,16,Philadelphia 76ers,,,,,,,,,,,,,,,,,,,,,,,,,,,,,,
2011,17,Phoenix Suns,,,,,,,,,,,,,,,,,,,,,,,,,,,,,,
2011,18,Utah Jazz,,,,,,,,,,,,,,,,,,,,,,,,,,,,,,
2011,19,Indiana Pacers,,,,,,,,,,,,,,,,,,,,,,,,,,,,,,
2011,20,Golden State Warriors,,,,,,,,,,,,,,,,,,,,,,,,,,,,,,
2011,21,Milwaukee Bucks,,,,,,,,,,,,,,,,,,,,,,,,,,,,,,
2011,22,Charlotte Bobcats,,,,,,,,,,,,,,,,,,,,,,,,,,,,,,
2011,23,Los Angeles Clippers,,,,,,,,,,,,,,,,,,,,,,,,,,,,,,
2011,24,Detroit Pistons,,,,,,,,,,,,,,,,,,,,,,,,,,,,,,
2011,25,New Jersey Nets,,,,,,,,,,,,,,,,,,,,,,,,,,,,,,
2011,26,Sacramento Kings,,,,,,,,,,,,,,,,,,,,,,,,,,,,,,
2011,27,Washington Wizards,,,,,,,,,,,,,,,,,,,,,,,,,,,,,,
2011,28,Toronto Raptors,,,,,,,,,,,,,,,,,,,,,,,,,,,,,,
2011,29,Cleveland Cavaliers,,,,,,,,,,,,,,,,,,,,,,,,,,,,,,
2011,30,Minnesota Timberwolves,,,,,,,,,,,,,,,,,,,,,,,,,,,,,,
2010,1,Cleveland Cavaliers,,,,,,,,,,,,,,,,,,,,,,,,,,,,,,
2010,2,Orlando Magic,,,,,,,,,,,,,,,,,,,,,,,,,,,,,,
2010,3,Los Angeles Lakers,,,,,,,,,,,,,,,,,,,,,,,,,,,,,,
2010,4,Dallas Mavericks,,,,,,,,,,,,,,,,,,,,,,,,,,,,,,
2010,5,Phoenix Suns,,,,,,,,,,,,,,,,,,,,,,,,,,,,,,
2010,6,Atlanta Hawks,,,,,,,,,,,,,,,,,,,,,,,,,,,,,,
2010,7,Denver Nuggets,,,,,,,,,,,,,,,,,,,,,,,,,,,,,,
2010,8,Utah Jazz,,,,,,,,,,,,,,,,,,,,,,,,,,,,,,
2010,9,Boston Celtics,,,,,,,,,,,,,,,,,,,,,,,,,,,,,,
2010,10,Oklahoma City Thunder,,,,,,,,,,,,,,,,,,,,,,,,,,,,,,
2010,11,Portland Trail Blazers,,,,,,,,,,,,,,,,,,,,,,,,,,,,,,
2010,12,San Antonio Spurs,,,,,,,,,,,,,,,,,,,,,,,,,,,,,,
2010,13,Miami Heat,,,,,,,,,,,,,,,,,,,,,,,,,,,,,,
2010,14,Milwaukee Bucks,,,,,,,,,,,,,,,,,,,,,,,,,,,,,,
2010,15,Charlotte Bobcats,,,,,,,,,,,,,,,,,,,,,,,,,,,,,,
2010,16,Houston Rockets,,,,,,,,,,,,,,,,,,,,,,,,,,,,,,
2010,17,Chicago Bulls,,,,,,,,,,,,,,,,,,,,,,,,,,,,,,
2010,18,Memphis Grizzlies,,,,,,,,,,,,,,,,,,,,,,,,,,,,,,
2010,19,Toronto Raptors,,,,,,,,,,,,,,,,,,,,,,,,,,,,,,
2010,20,New Orleans Hornets,,,,,,,,,,,,,,,,,,,,,,,,,,,,,,
2010,21,Indiana Pacers,,,,,,,,,,,,,,,,,,,,,,,,,,,,,,
2010,22,Los Angeles Clippers,,,,,,,,,,,,,,,,,,,,,,,,,,,,,,
2010,23,New York Knicks,,,,,,,,,,,,,,,,,,,,,,,,,,,,,,
2010,24,Detroit Pistons,,,,,,,,,,,,,,,,,,,,,,,,,,,,,,
2010,25,Philadelphia 76ers,,,,,,,,,,,,,,,,,,,,,,,,,,,,,,
2010,26,Golden State Warriors,,,,,,,,,,,,,,,,,,,,,,,,,,,,,,
2010,27,Washington Wizards,,,,,,,,,,,,,,,,,,,,,,,,,,,,,,
2010,28,Sacramento Kings,,,,,,,,,,,,,,,,,,,,,,,,,,,,,,
2010,29,Minnesota Timberwolves,,,,,,,,,,,,,,,,,,,,,,,,,,,,,,
2010,30,New Jersey Nets,,,,,,,,,,,,,,,,,,,,,,,,,,,,,,
2009,1,Cleveland Cavaliers,,,,,,,,,,,,,,,,,,,,,,,,,,,,,,
2009,2,Los Angeles Lakers,,,,,,,,,,,,,,,,,,,,,,,,,,,,,,
2009,3,Boston Celtics,,,,,,,,,,,,,,,,,,,,,,,,,,,,,,
2009,4,Orlando Magic,,,,,,,,,,,,,,,,,,,,,,,,,,,,,,
2009,5,Denver Nuggets,,,,,,,,,,,,,,,,,,,,,,,,,,,,,,
2009,6,Portland Trail Blazers,,,,,,,,,,,,,,,,,,,,,,,,,,,,,,
2009,7,San Antonio Spurs,,,,,,,,,,,,,,,,,,,,,,,,,,,,,,
2009,8,Houston Rockets,,,,,,,,,,,,,,,,,,,,,,,,,,,,,,
2009,9,Dallas Mavericks,,,,,,,,,,,,,,,,,,,,,,,,,,,,,,
2009,10,New Orleans Hornets,,,,,,,,,,,,,,,,,,,,,,,,,,,,,,
2009,11,Utah Jazz,,,,,,,,,,,,,,,,,,,,,,,,,,,,,,
2009,12,Atlanta Hawks,,,,,,,,,,,,,,,,,,,,,,,,,,,,,,
2009,13,Phoenix Suns,,,,,,,,,,,,,,,,,,,,,,,,,,,,,,
2009,14,Miami Heat,,,,,,,,,,,,,,,,,,,,,,,,,,,,,,
2009,15,Chicago Bulls,,,,,,,,,,,,,,,,,,,,,,,,,,,,,,
2009,16,Philadelphia 76ers,,,,,,,,,,,,,,,,,,,,,,,,,,,,,,
2009,17,Detroit Pistons,,,,,,,,,,,,,,,,,,,,,,,,,,,,,,
2009,18,Indiana Pacers,,,,,,,,,,,,,,,,,,,,,,,,,,,,,,
2009,19,Charlotte Bobcats,,,,,,,,,,,,,,,,,,,,,,,,,,,,,,
2009,20,Milwaukee Bucks,,,,,,,,,,,,,,,,,,,,,,,,,,,,,,
2009,21,New Jersey Nets,,,,,,,,,,,,,,,,,,,,,,,,,,,,,,
2009,22,Toronto Raptors,,,,,,,,,,,,,,,,,,,,,,,,,,,,,,
2009,23,New York Knicks,,,,,,,,,,,,,,,,,,,,,,,,,,,,,,
2009,24,Golden State Warriors,,,,,,,,,,,,,,,,,,,,,,,,,,,,,,
2009,25,Memphis Grizzlies,,,,,,,,,,,,,,,,,,,,,,,,,,,,,,
2009,26,Minnesota Timberwolves,,,,,,,,,,,,,,,,,,,,,,,,,,,,,,
2009,27,Oklahoma City Thunder,,,,,,,,,,,,,,,,,,,,,,,,,,,,,,
2009,28,Los Angeles Clippers,,,,,,,,,,,,,,,,,,,,,,,,,,,,,,
2009,29,Washington Wizards,,,,,,,,,,,,,,,,,,,,,,,,,,,,,,
2009,30,Sacramento Kings,,,,,,,,,,,,,,,,,,,,,,,,,,,,,,
2008,1,Boston Celtics,,,,,,,,,,,,,,,,,,,,,,,,,,,,,,
2008,2,Detroit Pistons,,,,,,,,,,,,,,,,,,,,,,,,,,,,,,
2008,3,Los Angeles Lakers,,,,,,,,,,,,,,,,,,,,,,,,,,,,,,
2008,4,New Orleans Hornets,,,,,,,,,,,,,,,,,,,,,,,,,,,,,,
2008,5,San Antonio Spurs,,,,,,,,,,,,,,,,,,,,,,,,,,,,,,
2008,6,Houston Rockets,,,,,,,,,,,,,,,,,,,,,,,,,,,,,,
2008,7,Phoenix Suns,,,,,,,,,,,,,,,,,,,,,,,,,,,,,,
2008,8,Utah Jazz,,,,,,,,,,,,,,,,,,,,,,,,,,,,,,
2008,9,Orlando Magic,,,,,,,,,,,,,,,,,,,,,,,,,,,,,,
2008,10,Dallas Mavericks,,,,,,,,,,,,,,,,,,,,,,,,,,,,,,
2008,11,Denver Nuggets,,,,,,,,,,,,,,,,,,,,,,,,,,,,,,
2008,12,Golden State Warriors,,,,,,,,,,,,,,,,,,,,,,,,,,,,,,
2008,13,Cleveland Cavaliers,,,,,,,,,,,,,,,,,,,,,,,,,,,,,,
2008,14,Washington Wizards,,,,,,,,,,,,,,,,,,,,,,,,,,,,,,
2008,15,Toronto Raptors,,,,,,,,,,,,,,,,,,,,,,,,,,,,,,
2008,16,Portland Trail Blazers,,,,,,,,,,,,,,,,,,,,,,,,,,,,,,
2008,17,Philadelphia 76ers,,,,,,,,,,,,,,,,,,,,,,,,,,,,,,
2008,18,Sacramento Kings,,,,,,,,,,,,,,,,,,,,,,,,,,,,,,
2008,19,Atlanta Hawks,,,,,,,,,,,,,,,,,,,,,,,,,,,,,,
2008,20,Indiana Pacers,,,,,,,,,,,,,,,,,,,,,,,,,,,,,,
2008,21,New Jersey Nets,,,,,,,,,,,,,,,,,,,,,,,,,,,,,,
2008,22,Chicago Bulls,,,,,,,,,,,,,,,,,,,,,,,,,,,,,,
2008,23,Charlotte Bobcats,,,,,,,,,,,,,,,,,,,,,,,,,,,,,,
2008,24,Milwaukee Bucks,,,,,,,,,,,,,,,,,,,,,,,,,,,,,,
2008,25,Los Angeles Clippers,,,,,,,,,,,,,,,,,,,,,,,,,,,,,,
2008,26,New York Knicks,,,,,,,,,,,,,,,,,,,,,,,,,,,,,,
2008,27,Memphis Grizzlies,,,,,,,,,,,,,,,,,,,,,,,,,,,,,,
2008,28,Minnesota Timberwolves,,,,,,,,,,,,,,,,,,,,,,,,,,,,,,
2008,29,Seattle SuperSonics,,,,,,,,,,,,,,,,,,,,,,,,,,,,,,
2008,30,Miami Heat,,,,,,,,,,,,,,,,,,,,,,,,,,,,,,
2007,1,Dallas Mavericks,,,,,,,,,,,,,,,,,,,,,,,,,,,,,,
2007,2,Phoenix Suns,,,,,,,,,,,,,,,,,,,,,,,,,,,,,,
2007,3,San Antonio Spurs,,,,,,,,,,,,,,,,,,,,,,,,,,,,,,
2007,4,Detroit Pistons,,,,,,,,,,,,,,,,,,,,,,,,,,,,,,
2007,5,Houston Rockets,,,,,,,,,,,,,,,,,,,,,,,,,,,,,,
2007,6,Utah Jazz,,,,,,,,,,,,,,,,,,,,,,,,,,,,,,
2007,7,Cleveland Cavaliers,,,,,,,,,,,,,,,,,,,,,,,,,,,,,,
2007,8,Chicago Bulls,,,,,,,,,,,,,,,,,,,,,,,,,,,,,,
2007,9,Toronto Raptors,,,,,,,,,,,,,,,,,,,,,,,,,,,,,,
2007,10,Denver Nuggets,,,,,,,,,,,,,,,,,,,,,,,,,,,,,,
2007,11,Miami Heat,,,,,,,,,,,,,,,,,,,,,,,,,,,,,,
2007,12,Golden State Warriors,,,,,,,,,,,,,,,,,,,,,,,,,,,,,,
2007,13,Los Angeles Lakers,,,,,,,,,,,,,,,,,,,,,,,,,,,,,,
2007,14,New Jersey Nets,,,,,,,,,,,,,,,,,,,,,,,,,,,,,,
2007,15,Washington Wizards,,,,,,,,,,,,,,,,,,,,,,,,,,,,,,
2007,16,Orlando Magic,,,,,,,,,,,,,,,,,,,,,,,,,,,,,,
2007,17,Los Angeles Clippers,,,,,,,,,,,,,,,,,,,,,,,,,,,,,,
2007,18,New Orleans/Oklahoma City Hornets,,,,,,,,,,,,,,,,,,,,,,,,,,,,,,
2007,19,Indiana Pacers,,,,,,,,,,,,,,,,,,,,,,,,,,,,,,
2007,20,Philadelphia 76ers,,,,,,,,,,,,,,,,,,,,,,,,,,,,,,
2007,21,Charlotte Bobcats,,,,,,,,,,,,,,,,,,,,,,,,,,,,,,
2007,22,New York Knicks,,,,,,,,,,,,,,,,,,,,,,,,,,,,,,
2007,23,Sacramento Kings,,,,,,,,,,,,,,,,,,,,,,,,,,,,,,
2007,24,Minnesota Timberwolves,,,,,,,,,,,,,,,,,,,,,,,,,,,,,,
2007,25,Portland Trail Blazers,,,,,,,,,,,,,,,,,,,,,,,,,,,,,,
2007,26,Seattle SuperSonics,,,,,,,,,,,,,,,,,,,,,,,,,,,,,,
2007,27,Atlanta Hawks,,,,,,,,,,,,,,,,,,,,,,,,,,,,,,
2007,28,Milwaukee Bucks,,,,,,,,,,,,,,,,,,,,,,,,,,,,,,
2007,29,Boston Celtics,,,,,,,,,,,,,,,,,,,,,,,,,,,,,,
2007,30,Memphis Grizzlies,,,,,,,,,,,,,,,,,,,,,,,,,,,,,,
2006,1,Detroit Pistons,,,,,,,,,,,,,,,,,,,,,,,,,,,,,,
2006,2,San Antonio Spurs,,,,,,,,,,,,,,,,,,,,,,,,,,,,,,
2006,3,Dallas Mavericks,,,,,,,,,,,,,,,,,,,,,,,,,,,,,,
2006,4,Phoenix Suns,,,,,,,,,,,,,,,,,,,,,,,,,,,,,,
2006,5,Miami Heat,,,,,,,,,,,,,,,,,,,,,,,,,,,,,,
2006,6,Cleveland Cavaliers,,,,,,,,,,,,,,,,,,,,,,,,,,,,,,
2006,7,Memphis Grizzlies,,,,,,,,,,,,,,,,,,,,,,,,,,,,,,
2006,8,New Jersey Nets,,,,,,,,,,,,,,,,,,,,,,,,,,,,,,
2006,9,Los Angeles Clippers,,,,,,,,,,,,,,,,,,,,,,,,,,,,,,
2006,10,Los Angeles Lakers,,,,,,,,,,,,,,,,,,,,,,,,,,,,,,
2006,11,Denver Nuggets,,,,,,,,,,,,,,,,,,,,,,,,,,,,,,
2006,12,Sacramento Kings,,,,,,,,,,,,,,,,,,,,,,,,,,,,,,
2006,13,Washington Wizards,,,,,,,,,,,,,,,,,,,,,,,,,,,,,,
2006,14,Chicago Bulls,,,,,,,,,,,,,,,,,,,,,,,,,,,,,,
2006,15,Indiana Pacers,,,,,,,,,,,,,,,,,,,,,,,,,,,,,,
2006,16,Utah Jazz,,,,,,,,,,,,,,,,,,,,,,,,,,,,,,
2006,17,Milwaukee Bucks,,,,,,,,,,,,,,,,,,,,,,,,,,,,,,
2006,18,New Orleans/Oklahoma City Hornets,,,,,,,,,,,,,,,,,,,,,,,,,,,,,,
2006,19,Philadelphia 76ers,,,,,,,,,,,,,,,,,,,,,,,,,,,,,,
2006,20,Orlando Magic,,,,,,,,,,,,,,,,,,,,,,,,,,,,,,
2006,21,Seattle SuperSonics,,,,,,,,,,,,,,,,,,,,,,,,,,,,,,
2006,22,Golden State Warriors,,,,,,,,,,,,,,,,,,,,,,,,,,,,,,
2006,23,Houston Rockets,,,,,,,,,,,,,,,,,,,,,,,,,,,,,,
2006,24,Boston Celtics,,,,,,,,,,,,,,,,,,,,,,,,,,,,,,
2006,25,Minnesota Timberwolves,,,,,,,,,,,,,,,,,,,,,,,,,,,,,,
2006,26,Toronto Raptors,,,,,,,,,,,,,,,,,,,,,,,,,,,,,,
2006,27,Atlanta Hawks,,,,,,,,,,,,,,,,,,,,,,,,,,,,,,
2006,28,Charlotte Bobcats,,,,,,,,,,,,,,,,,,,,,,,,,,,,,,
2006,29,New York Knicks,,,,,,,,,,,,,,,,,,,,,,,,,,,,,,
2006,30,Portland Trail Blazers,,,,,,,,,,,,,,,,,,,,,,,,,,,,,,
2005,1,Atlanta Hawks,,,,,,,,,,,,,,,,,,,,,,,0-2,0-2,0-2,1-1,0-2,1-3,0-2,1-3
2005,2,Boston Celtics,,,,,,,,,,,,,,,,,,,,,,,0-2,2-0,1-1,0-2,0-2,3-1,2-0,1-3
2005,3,Charlotte Bobcats,,,,,,,,,,,,,,,,,,,,,,,0-2,1-1,1-1,0-2,1-1,1-3,1-1,1-3
2005,4,Chicago Bulls,,,,,,,,,,,,,,,,,,,,,,,0-2,1-1,0-2,1-1,0-2,4-0,1-1,3-1
2005,5,Cleveland Cavaliers,,,,,,,,,,,,,,,,,,,,,,,1-1,1-1,1-1,1-1,1-1,3-0,2-0,1-3
2005,6,Dallas Mavericks,,,,,,,,,,,,,,,,,,,,,,,2-2,4-0,2-1,2-2,3-0,2-0,3-1,2-0
2005,7,Denver Nuggets,,,,,,,,,,,,,,,,,,,,,,,1-3,4-0,1-3,2-2,2-2,2-0,1-3,1-1
2005,8,Detroit Pistons,,,,,,,,,,,,,,,,,,,,,,,2-0,2-0,2-0,2-0,2-0,3-1,0-2,0-3
2005,9,Golden State Warriors,,,,,,,,,,,,,,,,,,,,,,,1-3,4-0,2-2,0-4,2-1,2-0,1-3,0-2
2005,10,Houston Rockets,,,,,,,,,,,,,,,,,,,,,,,0-3,2-1,2-2,0-4,3-1,0-2,1-2,2-0
2005,11,Indiana Pacers,,,,,,,,,,,,,,,,,,,,,,,0-2,2-0,2-0,0-2,1-1,2-2,2-0,2-2
2005,12,Los Angeles Clippers,,,,,,,,,,,,,,,,,,,,,,,2-2,3-0,0-4,1-2,3-1,2-0,2-1,2-0
2005,13,Los Angeles Lakers,,,,,,,,,,,,,,,,,,,,,,,1-3,2-2,2-2,1-3,2-1,2-0,2-2,1-1
2005,14,Memphis Grizzlies,,,,,,,,,,,,,,,,,,,,,,,2-1,2-1,2-2,0-4,3-1,2-0,3-1,2-0
2005,15,Miami Heat,,,,,,,,,,,,,,,,,,,,,,,0-2,2-0,2-0,0-2,2-0,3-1,2-0,4-0
2005,16,Milwaukee Bucks,,,,,,,,,,,,,,,,,,,,,,,1-1,2-0,0-2,1-1,1-1,2-1,0-2,2-1
2005,17,Minnesota Timberwolves,,,,,,,,,,,,,,,,,,,,,,,1-2,2-2,2-1,0-4,2-2,0-2,1-3,1-1
2005,18,New Jersey Nets,,,,,,,,,,,,,,,,,,,,,,,1-1,1-1,0-2,0-2,1-1,3-1,1-1,2-1
2005,19,New Orleans/Oklahoma City Hornets,,,,,,,,,,,,,,,,,,,,,,,1-3,3-1,2-2,1-3,3-1,2-0,1-3,1-1
2005,20,New York Knicks,,,,,,,,,,,,,,,,,,,,,,,1-1,1-1,1-1,0-2,2-0,1-3,2-0,1-3
2005,21,Orlando Magic,,,,,,,,,,,,,,,,,,,,,,,1-1,1-1,1-1,1-1,1-1,1-2,1-1,2-2
2005,22,Philadelphia 76ers,,,,,,,,,,,,,,,,,,,,,,,0-2,1-1,2-0,1-1,1-1,3-1,0-2,2-2
2005,23,Phoenix Suns,,,,,,,,,,,,,,,,,,,,,,,,3-1,2-2,1-3,2-2,2-0,2-1,1-1
2005,24,Portland Trail Blazers,,,,,,,,,,,,,,,,,,,,,,,1-3,,1-2,0-4,1-3,1-1,0-4,1-1
2005,25,Sacramento Kings,,,,,,,,,,,,,,,,,,,,,,,2-2,2-1,,1-2,3-1,1-1,3-1,0-2
2005,26,San Antonio Spurs,,,,,,,,,,,,,,,,,,,,,,,3-1,4-0,2-1,,2-1,2-0,3-0,1-1
2005,27,Seattle SuperSonics,,,,,,,,,,,,,,,,,,,,,,,2-2,3-1,1-3,1-2,,1-1,3-1,1-1
2005,28,Toronto Raptors,,,,,,,,,,,,,,,,,,,,,,,0-2,1-1,1-1,0-2,1-1,,0-2,1-2
2005,29,Utah Jazz,,,,,,,,,,,,,,,,,,,,,,,1-2,4-0,1-3,0-3,1-3,2-0,,1-1
2005,30,Washington Wizards,,,,,,,,,,,,,,,,,,,,,,,1-1,1-1,2-0,1-1,1-1,2-1,1-1,
2004,1,Indiana Pacers,,,,,,,,,,,,,,,,,,,,,,,,,,,,,,
2004,2,Minnesota Timberwolves,,,,,,,,,,,,,,,,,,,,,,,,,,,,,,
2004,3,San Antonio Spurs,,,,,,,,,,,,,,,,,,,,,,,,,,,,,,
2004,4,Los Angeles Lakers,,,,,,,,,,,,,,,,,,,,,,,,,,,,,,
2004,5,Sacramento Kings,,,,,,,,,,,,,,,,,,,,,,,,,,,,,,
2004,6,Detroit Pistons,,,,,,,,,,,,,,,,,,,,,,,,,,,,,,
2004,7,Dallas Mavericks,,,,,,,,,,,,,,,,,,,,,,,,,,,,,,
2004,8,Memphis Grizzlies,,,,,,,,,,,,,,,,,,,,,,,,,,,,,,
2004,9,New Jersey Nets,,,,,,,,,,,,,,,,,,,,,,,,,,,,,,
2004,10,Houston Rockets,,,,,,,,,,,,,,,,,,,,,,,,,,,,,,
2004,11,Denver Nuggets,,,,,,,,,,,,,,,,,,,,,,,,,,,,,,
2004,12,Miami Heat,,,,,,,,,,,,,,,,,,,,,,,,,,,,,,
2004,13,Utah Jazz,,,,,,,,,,,,,,,,,,,,,,,,,,,,,,
2004,14,Milwaukee Bucks,,,,,,,,,,,,,,,,,,,,,,,,,,,,,,
2004,15,New Orleans Hornets,,,,,,,,,,,,,,,,,,,,,,,,,,,,,,
2004,16,Portland Trail Blazers,,,,,,,,,,,,,,,,,,,,,,,,,,,,,,
2004,17,New York Knicks,,,,,,,,,,,,,,,,,,,,,,,,,,,,,,
2004,18,Golden State Warriors,,,,,,,,,,,,,,,,,,,,,,,,,,,,,,
2004,19,Seattle SuperSonics,,,,,,,,,,,,,,,,,,,,,,,,,,,,,,
2004,20,Boston Celtics,,,,,,,,,,,,,,,,,,,,,,,,,,,,,,
2004,21,Cleveland Cavaliers,,,,,,,,,,,,,,,,,,,,,,,,,,,,,,
2004,22,Philadelphia 76ers,,,,,,,,,,,,,,,,,,,,,,,,,,,,,,
2004,23,Toronto Raptors,,,,,,,,,,,,,,,,,,,,,,,,,,,,,,
2004,24,Phoenix Suns,,,,,,,,,,,,,,,,,,,,,,,,,,,,,,
2004,25,Atlanta Hawks,,,,,,,,,,,,,,,,,,,,,,,,,,,,,,
2004,26,Los Angeles Clippers,,,,,,,,,,,,,,,,,,,,,,,,,,,,,,
2004,27,Washington Wizards,,,,,,,,,,,,,,,,,,,,,,,,,,,,,,
2004,28,Chicago Bulls,,,,,,,,,,,,,,,,,,,,,,,,,,,,,,
2004,29,Orlando Magic,,,,,,,,,,,,,,,,,,,,,,,,,,,,,,
2003,1,Dallas Mavericks,,,,,,,,,,,,,,,,,,,,,,,,,,,,,,
2003,2,San Antonio Spurs,,,,,,,,,,,,,,,,,,,,,,,,,,,,,,
2003,3,Sacramento Kings,,,,,,,,,,,,,,,,,,,,,,,,,,,,,,
2003,4,Minnesota Timberwolves,,,,,,,,,,,,,,,,,,,,,,,,,,,,,,
2003,5,Detroit Pistons,,,,,,,,,,,,,,,,,,,,,,,,,,,,,,
2003,6,Los Angeles Lakers,,,,,,,,,,,,,,,,,,,,,,,,,,,,,,
2003,7,Portland Trail Blazers,,,,,,,,,,,,,,,,,,,,,,,,,,,,,,
2003,8,New Jersey Nets,,,,,,,,,,,,,,,,,,,,,,,,,,,,,,
2003,9,Indiana Pacers,,,,,,,,,,,,,,,,,,,,,,,,,,,,,,
2003,10,Philadelphia 76ers,,,,,,,,,,,,,,,,,,,,,,,,,,,,,,
2003,11,New Orleans Hornets,,,,,,,,,,,,,,,,,,,,,,,,,,,,,,
2003,12,Utah Jazz,,,,,,,,,,,,,,,,,,,,,,,,,,,,,,
2003,13,Boston Celtics,,,,,,,,,,,,,,,,,,,,,,,,,,,,,,
2003,14,Phoenix Suns,,,,,,,,,,,,,,,,,,,,,,,,,,,,,,
2003,15,Houston Rockets,,,,,,,,,,,,,,,,,,,,,,,,,,,,,,
2003,16,Milwaukee Bucks,,,,,,,,,,,,,,,,,,,,,,,,,,,,,,
2003,17,Orlando Magic,,,,,,,,,,,,,,,,,,,,,,,,,,,,,,
2003,18,Seattle SuperSonics,,,,,,,,,,,,,,,,,,,,,,,,,,,,,,
2003,19,Golden State Warriors,,,,,,,,,,,,,,,,,,,,,,,,,,,,,,
2003,20,New York Knicks,,,,,,,,,,,,,,,,,,,,,,,,,,,,,,
2003,21,Washington Wizards,,,,,,,,,,,,,,,,,,,,,,,,,,,,,,
2003,22,Atlanta Hawks,,,,,,,,,,,,,,,,,,,,,,,,,,,,,,
2003,23,Chicago Bulls,,,,,,,,,,,,,,,,,,,,,,,,,,,,,,
2003,24,Memphis Grizzlies,,,,,,,,,,,,,,,,,,,,,,,,,,,,,,
2003,25,Los Angeles Clippers,,,,,,,,,,,,,,,,,,,,,,,,,,,,,,
2003,26,Miami Heat,,,,,,,,,,,,,,,,,,,,,,,,,,,,,,
2003,27,Toronto Raptors,,,,,,,,,,,,,,,,,,,,,,,,,,,,,,
2003,28,Cleveland Cavaliers,,,,,,,,,,,,,,,,,,,,,,,,,,,,,,
2003,29,Denver Nuggets,,,,,,,,,,,,,,,,,,,,,,,,,,,,,,
2002,1,Sacramento Kings,,,,,,,,,,,,,,,,,,,,,,,,,,,,,,
2002,2,Los Angeles Lakers,,,,,,,,,,,,,,,,,,,,,,,,,,,,,,
2002,3,San Antonio Spurs,,,,,,,,,,,,,,,,,,,,,,,,,,,,,,
2002,4,Dallas Mavericks,,,,,,,,,,,,,,,,,,,,,,,,,,,,,,
2002,5,New Jersey Nets,,,,,,,,,,,,,,,,,,,,,,,,,,,,,,
2002,6,Detroit Pistons,,,,,,,,,,,,,,,,,,,,,,,,,,,,,,
2002,7,Minnesota Timberwolves,,,,,,,,,,,,,,,,,,,,,,,,,,,,,,
2002,8,Boston Celtics,,,,,,,,,,,,,,,,,,,,,,,,,,,,,,
2002,9,Portland Trail Blazers,,,,,,,,,,,,,,,,,,,,,,,,,,,,,,
2002,10,Seattle SuperSonics,,,,,,,,,,,,,,,,,,,,,,,,,,,,,,
2002,11,Charlotte Hornets,,,,,,,,,,,,,,,,,,,,,,,,,,,,,,
2002,12,Orlando Magic,,,,,,,,,,,,,,,,,,,,,,,,,,,,,,
2002,13,Utah Jazz,,,,,,,,,,,,,,,,,,,,,,,,,,,,,,
2002,14,Philadelphia 76ers,,,,,,,,,,,,,,,,,,,,,,,,,,,,,,
2002,15,Indiana Pacers,,,,,,,,,,,,,,,,,,,,,,,,,,,,,,
2002,16,Toronto Raptors,,,,,,,,,,,,,,,,,,,,,,,,,,,,,,
2002,17,Milwaukee Bucks,,,,,,,,,,,,,,,,,,,,,,,,,,,,,,
2002,18,Los Angeles Clippers,,,,,,,,,,,,,,,,,,,,,,,,,,,,,,
2002,19,Washington Wizards,,,,,,,,,,,,,,,,,,,,,,,,,,,,,,
2002,20,Miami Heat,,,,,,,,,,,,,,,,,,,,,,,,,,,,,,
2002,21,Phoenix Suns,,,,,,,,,,,,,,,,,,,,,,,,,,,,,,
2002,22,Atlanta Hawks,,,,,,,,,,,,,,,,,,,,,,,,,,,,,,
2002,23,New York Knicks,,,,,,,,,,,,,,,,,,,,,,,,,,,,,,
2002,24,Cleveland Cavaliers,,,,,,,,,,,,,,,,,,,,,,,,,,,,,,
2002,25,Houston Rockets,,,,,,,,,,,,,,,,,,,,,,,,,,,,,,
2002,26,Denver Nuggets,,,,,,,,,,,,,,,,,,,,,,,,,,,,,,
2002,27,Memphis Grizzlies,,,,,,,,,,,,,,,,,,,,,,,,,,,,,,
2002,28,Chicago Bulls,,,,,,,,,,,,,,,,,,,,,,,,,,,,,,
2002,29,Golden State Warriors,,,,,,,,,,,,,,,,,,,,,,,,,,,,,,
2001,1,San Antonio Spurs,,,,,,,,,,,,,,,,,,,,,,,,,,,,,,
2001,2,Los Angeles Lakers,,,,,,,,,,,,,,,,,,,,,,,,,,,,,,
2001,3,Philadelphia 76ers,,,,,,,,,,,,,,,,,,,,,,,,,,,,,,
2001,4,Sacramento Kings,,,,,,,,,,,,,,,,,,,,,,,,,,,,,,
2001,5,Dallas Mavericks,,,,,,,,,,,,,,,,,,,,,,,,,,,,,,
2001,6,Utah Jazz,,,,,,,,,,,,,,,,,,,,,,,,,,,,,,
2001,7,Milwaukee Bucks,,,,,,,,,,,,,,,,,,,,,,,,,,,,,,
2001,8,Phoenix Suns,,,,,,,,,,,,,,,,,,,,,,,,,,,,,,
2001,9,Miami Heat,,,,,,,,,,,,,,,,,,,,,,,,,,,,,,
2001,10,Portland Trail Blazers,,,,,,,,,,,,,,,,,,,,,,,,,,,,,,
2001,11,New York Knicks,,,,,,,,,,,,,,,,,,,,,,,,,,,,,,
2001,12,Minnesota Timberwolves,,,,,,,,,,,,,,,,,,,,,,,,,,,,,,
2001,13,Toronto Raptors,,,,,,,,,,,,,,,,,,,,,,,,,,,,,,
2001,14,Charlotte Hornets,,,,,,,,,,,,,,,,,,,,,,,,,,,,,,
2001,15,Houston Rockets,,,,,,,,,,,,,,,,,,,,,,,,,,,,,,
2001,16,Seattle SuperSonics,,,,,,,,,,,,,,,,,,,,,,,,,,,,,,
2001,17,Orlando Magic,,,,,,,,,,,,,,,,,,,,,,,,,,,,,,
2001,18,Indiana Pacers,,,,,,,,,,,,,,,,,,,,,,,,,,,,,,
2001,19,Denver Nuggets,,,,,,,,,,,,,,,,,,,,,,,,,,,,,,
2001,20,Boston Celtics,,,,,,,,,,,,,,,,,,,,,,,,,,,,,,
2001,21,Detroit Pistons,,,,,,,,,,,,,,,,,,,,,,,,,,,,,,
2001,22,Los Angeles Clippers,,,,,,,,,,,,,,,,,,,,,,,,,,,,,,
2001,23,Cleveland Cavaliers,,,,,,,,,,,,,,,,,,,,,,,,,,,,,,
2001,24,New Jersey Nets,,,,,,,,,,,,,,,,,,,,,,,,,,,,,,
2001,25,Atlanta Hawks,,,,,,,,,,,,,,,,,,,,,,,,,,,,,,
2001,26,Vancouver Grizzlies,,,,,,,,,,,,,,,,,,,,,,,,,,,,,,
2001,27,Washington Wizards,,,,,,,,,,,,,,,,,,,,,,,,,,,,,,
2001,28,Golden State Warriors,,,,,,,,,,,,,,,,,,,,,,,,,,,,,,
2001,29,Chicago Bulls,,,,,,,,,,,,,,,,,,,,,,,,,,,,,,
2000,1,Los Angeles Lakers,,,,,,,,,,,,,,,,,,,,,,,,,,,,,,
2000,2,Portland Trail Blazers,,,,,,,,,,,,,,,,,,,,,,,,,,,,,,
2000,3,Indiana Pacers,,,,,,,,,,,,,,,,,,,,,,,,,,,,,,
2000,4,Utah Jazz,,,,,,,,,,,,,,,,,,,,,,,,,,,,,,
2000,5,Phoenix Suns,,,,,,,,,,,,,,,,,,,,,,,,,,,,,,
2000,6,San Antonio Spurs,,,,,,,,,,,,,,,,,,,,,,,,,,,,,,
2000,7,Miami Heat,,,,,,,,,,,,,,,,,,,,,,,,,,,,,,
2000,8,Minnesota Timberwolves,,,,,,,,,,,,,,,,,,,,,,,,,,,,,,
2000,9,New York Knicks,,,,,,,,,,,,,,,,,,,,,,,,,,,,,,
2000,10,Charlotte Hornets,,,,,,,,,,,,,,,,,,,,,,,,,,,,,,
2000,11,Philadelphia 76ers,,,,,,,,,,,,,,,,,,,,,,,,,,,,,,
2000,12,Seattle SuperSonics,,,,,,,,,,,,,,,,,,,,,,,,,,,,,,
2000,13,Toronto Raptors,,,,,,,,,,,,,,,,,,,,,,,,,,,,,,
2000,14,Sacramento Kings,,,,,,,,,,,,,,,,,,,,,,,,,,,,,,
2000,15,Detroit Pistons,,,,,,,,,,,,,,,,,,,,,,,,,,,,,,
2000,16,Milwaukee Bucks,,,,,,,,,,,,,,,,,,,,,,,,,,,,,,
2000,17,Orlando Magic,,,,,,,,,,,,,,,,,,,,,,,,,,,,,,
2000,18,Dallas Mavericks,,,,,,,,,,,,,,,,,,,,,,,,,,,,,,
2000,19,Boston Celtics,,,,,,,,,,,,,,,,,,,,,,,,,,,,,,
2000,20,Denver Nuggets,,,,,,,,,,,,,,,,,,,,,,,,,,,,,,
2000,21,Houston Rockets,,,,,,,,,,,,,,,,,,,,,,,,,,,,,,
2000,22,Cleveland Cavaliers,,,,,,,,,,,,,,,,,,,,,,,,,,,,,,
2000,23,New Jersey Nets,,,,,,,,,,,,,,,,,,,,,,,,,,,,,,
2000,24,Washington Wizards,,,,,,,,,,,,,,,,,,,,,,,,,,,,,,
2000,25,Atlanta Hawks,,,,,,,,,,,,,,,,,,,,,,,,,,,,,,
2000,26,Vancouver Grizzlies,,,,,,,,,,,,,,,,,,,,,,,,,,,,,,
2000,27,Golden State Warriors,,,,,,,,,,,,,,,,,,,,,,,,,,,,,,
2000,28,Chicago Bulls,,,,,,,,,,,,,,,,,,,,,,,,,,,,,,
2000,29,Los Angeles Clippers,,,,,,,,,,,,,,,,,,,,,,,,,,,,,,
1999,1,San Antonio Spurs,,,,,,,,,,,,,,,,,,,,,,,,,,,,,,
1999,2,Utah Jazz,,,,,,,,,,,,,,,,,,,,,,,,,,,,,,
1999,3,Portland Trail Blazers,,,,,,,,,,,,,,,,,,,,,,,,,,,,,,
1999,4,Indiana Pacers,,,,,,,,,,,,,,,,,,,,,,,,,,,,,,
1999,5,Miami Heat,,,,,,,,,,,,,,,,,,,,,,,,,,,,,,
1999,6,Orlando Magic,,,,,,,,,,,,,,,,,,,,,,,,,,,,,,
1999,7,Atlanta Hawks,,,,,,,,,,,,,,,,,,,,,,,,,,,,,,
1999,8,Houston Rockets,,,,,,,,,,,,,,,,,,,,,,,,,,,,,,
1999,9,Los Angeles Lakers,,,,,,,,,,,,,,,,,,,,,,,,,,,,,,
1999,10,Detroit Pistons,,,,,,,,,,,,,,,,,,,,,,,,,,,,,,
1999,11,Milwaukee Bucks,,,,,,,,,,,,,,,,,,,,,,,,,,,,,,
1999,12,Philadelphia 76ers,,,,,,,,,,,,,,,,,,,,,,,,,,,,,,
1999,13,New York Knicks,,,,,,,,,,,,,,,,,,,,,,,,,,,,,,
1999,14,Phoenix Suns,,,,,,,,,,,,,,,,,,,,,,,,,,,,,,
1999,15,Sacramento Kings,,,,,,,,,,,,,,,,,,,,,,,,,,,,,,
1999,16,Charlotte Hornets,,,,,,,,,,,,,,,,,,,,,,,,,,,,,,
1999,17,Minnesota Timberwolves,,,,,,,,,,,,,,,,,,,,,,,,,,,,,,
1999,18,Seattle SuperSonics,,,,,,,,,,,,,,,,,,,,,,,,,,,,,,
1999,19,Toronto Raptors,,,,,,,,,,,,,,,,,,,,,,,,,,,,,,
1999,20,Cleveland Cavaliers,,,,,,,,,,,,,,,,,,,,,,,,,,,,,,
1999,21,Golden State Warriors,,,,,,,,,,,,,,,,,,,,,,,,,,,,,,
1999,22,Boston Celtics,,,,,,,,,,,,,,,,,,,,,,,,,,,,,,
1999,23,Dallas Mavericks,,,,,,,,,,,,,,,,,,,,,,,,,,,,,,
1999,24,Washington Wizards,,,,,,,,,,,,,,,,,,,,,,,,,,,,,,
1999,25,New Jersey Nets,,,,,,,,,,,,,,,,,,,,,,,,,,,,,,
1999,26,Denver Nuggets,,,,,,,,,,,,,,,,,,,,,,,,,,,,,,
1999,27,Chicago Bulls,,,,,,,,,,,,,,,,,,,,,,,,,,,,,,
1999,28,Los Angeles Clippers,,,,,,,,,,,,,,,,,,,,,,,,,,,,,,
1999,29,Vancouver Grizzlies,,,,,,,,,,,,,,,,,,,,,,,,,,,,,,
1998,1,Chicago Bulls,,,,,,,,,,,,,,,,,,,,,,,,,,,,,,
1998,2,Utah Jazz,,,,,,,,,,,,,,,,,,,,,,,,,,,,,,
1998,3,Los Angeles Lakers,,,,,,,,,,,,,,,,,,,,,,,,,,,,,,
1998,4,Seattle SuperSonics,,,,,,,,,,,,,,,,,,,,,,,,,,,,,,
1998,5,Indiana Pacers,,,,,,,,,,,,,,,,,,,,,,,,,,,,,,
1998,6,Phoenix Suns,,,,,,,,,,,,,,,,,,,,,,,,,,,,,,
1998,7,San Antonio Spurs,,,,,,,,,,,,,,,,,,,,,,,,,,,,,,
1998,8,Miami Heat,,,,,,,,,,,,,,,,,,,,,,,,,,,,,,
1998,9,Charlotte Hornets,,,,,,,,,,,,,,,,,,,,,,,,,,,,,,
1998,10,Atlanta Hawks,,,,,,,,,,,,,,,,,,,,,,,,,,,,,,
1998,11,Cleveland Cavaliers,,,,,,,,,,,,,,,,,,,,,,,,,,,,,,
1998,12,Portland Trail Blazers,,,,,,,,,,,,,,,,,,,,,,,,,,,,,,
1998,13,Minnesota Timberwolves,,,,,,,,,,,,,,,,,,,,,,,,,,,,,,
1998,14,New Jersey Nets,,,,,,,,,,,,,,,,,,,,,,,,,,,,,,
1998,15,New York Knicks,,,,,,,,,,,,,,,,,,,,,,,,,,,,,,
1998,16,Washington Wizards,,,,,,,,,,,,,,,,,,,,,,,,,,,,,,
1998,17,Houston Rockets,,,,,,,,,,,,,,,,,,,,,,,,,,,,,,
1998,18,Orlando Magic,,,,,,,,,,,,,,,,,,,,,,,,,,,,,,
1998,19,Detroit Pistons,,,,,,,,,,,,,,,,,,,,,,,,,,,,,,
1998,20,Boston Celtics,,,,,,,,,,,,,,,,,,,,,,,,,,,,,,
1998,21,Milwaukee Bucks,,,,,,,,,,,,,,,,,,,,,,,,,,,,,,
1998,22,Philadelphia 76ers,,,,,,,,,,,,,,,,,,,,,,,,,,,,,,
1998,23,Sacramento Kings,,,,,,,,,,,,,,,,,,,,,,,,,,,,,,
1998,24,Dallas Mavericks,,,,,,,,,,,,,,,,,,,,,,,,,,,,,,
1998,25,Golden State Warriors,,,,,,,,,,,,,,,,,,,,,,,,,,,,,,
1998,26,Vancouver Grizzlies,,,,,,,,,,,,,,,,,,,,,,,,,,,,,,
1998,27,Los Angeles Clippers,,,,,,,,,,,,,,,,,,,,,,,,,,,,,,
1998,28,Toronto Raptors,,,,,,,,,,,,,,,,,,,,,,,,,,,,,,
1998,29,Denver Nuggets,,,,,,,,,,,,,,,,,,,,,,,,,,,,,,
1997,1,Chicago Bulls,,,,,,,,,,,,,,,,,,,,,,,,,,,,,,
1997,2,Utah Jazz,,,,,,,,,,,,,,,,,,,,,,,,,,,,,,
1997,3,Miami Heat,,,,,,,,,,,,,,,,,,,,,,,,,,,,,,
1997,4,Houston Rockets,,,,,,,,,,,,,,,,,,,,,,,,,,,,,,
1997,5,New York Knicks,,,,,,,,,,,,,,,,,,,,,,,,,,,,,,
1997,6,Seattle SuperSonics,,,,,,,,,,,,,,,,,,,,,,,,,,,,,,
1997,7,Atlanta Hawks,,,,,,,,,,,,,,,,,,,,,,,,,,,,,,
1997,8,Los Angeles Lakers,,,,,,,,,,,,,,,,,,,,,,,,,,,,,,
1997,9,Charlotte Hornets,,,,,,,,,,,,,,,,,,,,,,,,,,,,,,
1997,10,Detroit Pistons,,,,,,,,,,,,,,,,,,,,,,,,,,,,,,
1997,11,Portland Trail Blazers,,,,,,,,,,,,,,,,,,,,,,,,,,,,,,
1997,12,Orlando Magic,,,,,,,,,,,,,,,,,,,,,,,,,,,,,,
1997,13,Washington Bullets,,,,,,,,,,,,,,,,,,,,,,,,,,,,,,
1997,14,Cleveland Cavaliers,,,,,,,,,,,,,,,,,,,,,,,,,,,,,,
1997,15,Minnesota Timberwolves,,,,,,,,,,,,,,,,,,,,,,,,,,,,,,
1997,16,Phoenix Suns,,,,,,,,,,,,,,,,,,,,,,,,,,,,,,
1997,17,Indiana Pacers,,,,,,,,,,,,,,,,,,,,,,,,,,,,,,
1997,18,Los Angeles Clippers,,,,,,,,,,,,,,,,,,,,,,,,,,,,,,
1997,19,Sacramento Kings,,,,,,,,,,,,,,,,,,,,,,,,,,,,,,
1997,20,Milwaukee Bucks,,,,,,,,,,,,,,,,,,,,,,,,,,,,,,
1997,21,Golden State Warriors,,,,,,,,,,,,,,,,,,,,,,,,,,,,,,
1997,22,Toronto Raptors,,,,,,,,,,,,,,,,,,,,,,,,,,,,,,
1997,23,New Jersey Nets,,,,,,,,,,,,,,,,,,,,,,,,,,,,,,
1997,24,Dallas Mavericks,,,,,,,,,,,,,,,,,,,,,,,,,,,,,,
1997,25,Philadelphia 76ers,,,,,,,,,,,,,,,,,,,,,,,,,,,,,,
1997,26,Denver Nuggets,,,,,,,,,,,,,,,,,,,,,,,,,,,,,,
1997,27,San Antonio Spurs,,,,,,,,,,,,,,,,,,,,,,,,,,,,,,
1997,28,Boston Celtics,,,,,,,,,,,,,,,,,,,,,,,,,,,,,,
1997,29,Vancouver Grizzlies,,,,,,,,,,,,,,,,,,,,,,,,,,,,,,
1996,1,Chicago Bulls,,,,,,,,,,,,,,,,,,,,,,,,,,,,,,
1996,2,Seattle SuperSonics,,,,,,,,,,,,,,,,,,,,,,,,,,,,,,
1996,3,Orlando Magic,,,,,,,,,,,,,,,,,,,,,,,,,,,,,,
1996,4,San Antonio Spurs,,,,,,,,,,,,,,,,,,,,,,,,,,,,,,
1996,5,Utah Jazz,,,,,,,,,,,,,,,,,,,,,,,,,,,,,,
1996,6,Los Angeles Lakers,,,,,,,,,,,,,,,,,,,,,,,,,,,,,,
1996,7,Indiana Pacers,,,,,,,,,,,,,,,,,,,,,,,,,,,,,,
1996,8,Houston Rockets,,,,,,,,,,,,,,,,,,,,,,,,,,,,,,
1996,9,Cleveland Cavaliers,,,,,,,,,,,,,,,,,,,,,,,,,,,,,,
1996,10,New York Knicks,,,,,,,,,,,,,,,,,,,,,,,,,,,,,,
1996,11,Atlanta Hawks,,,,,,,,,,,,,,,,,,,,,,,,,,,,,,
1996,12,Detroit Pistons,,,,,,,,,,,,,,,,,,,,,,,,,,,,,,
1996,13,Portland Trail Blazers,,,,,,,,,,,,,,,,,,,,,,,,,,,,,,
1996,14,Miami Heat,,,,,,,,,,,,,,,,,,,,,,,,,,,,,,
1996,15,Phoenix Suns,,,,,,,,,,,,,,,,,,,,,,,,,,,,,,
1996,16,Charlotte Hornets,,,,,,,,,,,,,,,,,,,,,,,,,,,,,,
1996,17,Sacramento Kings,,,,,,,,,,,,,,,,,,,,,,,,,,,,,,
1996,18,Washington Bullets,,,,,,,,,,,,,,,,,,,,,,,,,,,,,,
1996,19,Golden State Warriors,,,,,,,,,,,,,,,,,,,,,,,,,,,,,,
1996,20,Denver Nuggets,,,,,,,,,,,,,,,,,,,,,,,,,,,,,,
1996,21,Boston Celtics,,,,,,,,,,,,,,,,,,,,,,,,,,,,,,
1996,22,New Jersey Nets,,,,,,,,,,,,,,,,,,,,,,,,,,,,,,
1996,23,Los Angeles Clippers,,,,,,,,,,,,,,,,,,,,,,,,,,,,,,
1996,24,Dallas Mavericks,,,,,,,,,,,,,,,,,,,,,,,,,,,,,,
1996,25,Minnesota Timberwolves,,,,,,,,,,,,,,,,,,,,,,,,,,,,,,
1996,26,Milwaukee Bucks,,,,,,,,,,,,,,,,,,,,,,,,,,,,,,
1996,27,Toronto Raptors,,,,,,,,,,,,,,,,,,,,,,,,,,,,,,
1996,28,Philadelphia 76ers,,,,,,,,,,,,,,,,,,,,,,,,,,,,,,
1996,29,Vancouver Grizzlies,,,,,,,,,,,,,,,,,,,,,,,,,,,,,,
1995,1,San Antonio Spurs,,,,,,,,,,,,,,,,,,,,,,,,,,,,,,
1995,2,Utah Jazz,,,,,,,,,,,,,,,,,,,,,,,,,,,,,,
1995,3,Phoenix Suns,,,,,,,,,,,,,,,,,,,,,,,,,,,,,,
1995,4,Orlando Magic,,,,,,,,,,,,,,,,,,,,,,,,,,,,,,
1995,5,Seattle SuperSonics,,,,,,,,,,,,,,,,,,,,,,,,,,,,,,
1995,6,New York Knicks,,,,,,,,,,,,,,,,,,,,,,,,,,,,,,
1995,7,Indiana Pacers,,,,,,,,,,,,,,,,,,,,,,,,,,,,,,
1995,8,Charlotte Hornets,,,,,,,,,,,,,,,,,,,,,,,,,,,,,,
1995,9,Los Angeles Lakers,,,,,,,,,,,,,,,,,,,,,,,,,,,,,,
1995,10,Chicago Bulls,,,,,,,,,,,,,,,,,,,,,,,,,,,,,,
1995,11,Houston Rockets,,,,,,,,,,,,,,,,,,,,,,,,,,,,,,
1995,12,Portland Trail Blazers,,,,,,,,,,,,,,,,,,,,,,,,,,,,,,
1995,13,Cleveland Cavaliers,,,,,,,,,,,,,,,,,,,,,,,,,,,,,,
1995,14,Atlanta Hawks,,,,,,,,,,,,,,,,,,,,,,,,,,,,,,
1995,15,Denver Nuggets,,,,,,,,,,,,,,,,,,,,,,,,,,,,,,
1995,16,Sacramento Kings,,,,,,,,,,,,,,,,,,,,,,,,,,,,,,
1995,17,Dallas Mavericks,,,,,,,,,,,,,,,,,,,,,,,,,,,,,,
1995,18,Boston Celtics,,,,,,,,,,,,,,,,,,,,,,,,,,,,,,
1995,19,Milwaukee Bucks,,,,,,,,,,,,,,,,,,,,,,,,,,,,,,
1995,20,Miami Heat,,,,,,,,,,,,,,,,,,,,,,,,,,,,,,
1995,21,New Jersey Nets,,,,,,,,,,,,,,,,,,,,,,,,,,,,,,
1995,22,Detroit Pistons,,,,,,,,,,,,,,,,,,,,,,,,,,,,,,
1995,23,Golden State Warriors,,,,,,,,,,,,,,,,,,,,,,,,,,,,,,
1995,24,Philadelphia 76ers,,,,,,,,,,,,,,,,,,,,,,,,,,,,,,
1995,25,Minnesota Timberwolves,,,,,,,,,,,,,,,,,,,,,,,,,,,,,,
1995,26,Washington Bullets,,,,,,,,,,,,,,,,,,,,,,,,,,,,,,
1995,27,Los Angeles Clippers,,,,,,,,,,,,,,,,,,,,,,,,,,,,,,
1994,1,Seattle SuperSonics,,,,,,,,,,,,,,,,,,,,,,,,,,,,,,
1994,2,Houston Rockets,,,,,,,,,,,,,,,,,,,,,,,,,,,,,,
1994,3,Atlanta Hawks,,,,,,,,,,,,,,,,,,,,,,,,,,,,,,
1994,4,New York Knicks,,,,,,,,,,,,,,,,,,,,,,,,,,,,,,
1994,5,Phoenix Suns,,,,,,,,,,,,,,,,,,,,,,,,,,,,,,
1994,6,Chicago Bulls,,,,,,,,,,,,,,,,,,,,,,,,,,,,,,
1994,7,San Antonio Spurs,,,,,,,,,,,,,,,,,,,,,,,,,,,,,,
1994,8,Utah Jazz,,,,,,,,,,,,,,,,,,,,,,,,,,,,,,
1994,9,Golden State Warriors,,,,,,,,,,,,,,,,,,,,,,,,,,,,,,
1994,10,Orlando Magic,,,,,,,,,,,,,,,,,,,,,,,,,,,,,,
1994,11,Cleveland Cavaliers,,,,,,,,,,,,,,,,,,,,,,,,,,,,,,
1994,12,Indiana Pacers,,,,,,,,,,,,,,,,,,,,,,,,,,,,,,
1994,13,Portland Trail Blazers,,,,,,,,,,,,,,,,,,,,,,,,,,,,,,
1994,14,New Jersey Nets,,,,,,,,,,,,,,,,,,,,,,,,,,,,,,
1994,15,Denver Nuggets,,,,,,,,,,,,,,,,,,,,,,,,,,,,,,
1994,16,Miami Heat,,,,,,,,,,,,,,,,,,,,,,,,,,,,,,
1994,17,Charlotte Hornets,,,,,,,,,,,,,,,,,,,,,,,,,,,,,,
1994,18,Los Angeles Lakers,,,,,,,,,,,,,,,,,,,,,,,,,,,,,,
1994,19,Boston Celtics,,,,,,,,,,,,,,,,,,,,,,,,,,,,,,
1994,20,Sacramento Kings,,,,,,,,,,,,,,,,,,,,,,,,,,,,,,
1994,21,Los Angeles Clippers,,,,,,,,,,,,,,,,,,,,,,,,,,,,,,
1994,22,Philadelphia 76ers,,,,,,,,,,,,,,,,,,,,,,,,,,,,,,
1994,23,Washington Bullets,,,,,,,,,,,,,,,,,,,,,,,,,,,,,,
1994,24,Detroit Pistons,,,,,,,,,,,,,,,,,,,,,,,,,,,,,,
1994,25,Milwaukee Bucks,,,,,,,,,,,,,,,,,,,,,,,,,,,,,,
1994,26,Minnesota Timberwolves,,,,,,,,,,,,,,,,,,,,,,,,,,,,,,
1994,27,Dallas Mavericks,,,,,,,,,,,,,,,,,,,,,,,,,,,,,,
1993,1,Phoenix Suns,,,,,,,,,,,,,,,,,,,,,,,,,,,,,,
1993,2,New York Knicks,,,,,,,,,,,,,,,,,,,,,,,,,,,,,,
1993,3,Chicago Bulls,,,,,,,,,,,,,,,,,,,,,,,,,,,,,,
1993,4,Houston Rockets,,,,,,,,,,,,,,,,,,,,,,,,,,,,,,
1993,5,Seattle SuperSonics,,,,,,,,,,,,,,,,,,,,,,,,,,,,,,
1993,6,Cleveland Cavaliers,,,,,,,,,,,,,,,,,,,,,,,,,,,,,,
1993,7,Portland Trail Blazers,,,,,,,,,,,,,,,,,,,,,,,,,,,,,,
1993,8,San Antonio Spurs,,,,,,,,,,,,,,,,,,,,,,,,,,,,,,
1993,9,Boston Celtics,,,,,,,,,,,,,,,,,,,,,,,,,,,,,,
1993,10,Utah Jazz,,,,,,,,,,,,,,,,,,,,,,,,,,,,,,
1993,11,Charlotte Hornets,,,,,,,,,,,,,,,,,,,,,,,,,,,,,,
1993,12,Atlanta Hawks,,,,,,,,,,,,,,,,,,,,,,,,,,,,,,
1993,13,New Jersey Nets,,,,,,,,,,,,,,,,,,,,,,,,,,,,,,
1993,14,Indiana Pacers,,,,,,,,,,,,,,,,,,,,,,,,,,,,,,
1993,15,Los Angeles Clippers,,,,,,,,,,,,,,,,,,,,,,,,,,,,,,
1993,16,Orlando Magic,,,,,,,,,,,,,,,,,,,,,,,,,,,,,,
1993,17,Detroit Pistons,,,,,,,,,,,,,,,,,,,,,,,,,,,,,,
1993,18,Los Angeles Lakers,,,,,,,,,,,,,,,,,,,,,,,,,,,,,,
1993,19,Denver Nuggets,,,,,,,,,,,,,,,,,,,,,,,,,,,,,,
1993,20,Miami Heat,,,,,,,,,,,,,,,,,,,,,,,,,,,,,,
1993,21,Golden State Warriors,,,,,,,,,,,,,,,,,,,,,,,,,,,,,,
1993,22,Milwaukee Bucks,,,,,,,,,,,,,,,,,,,,,,,,,,,,,,
1993,23,Philadelphia 76ers,,,,,,,,,,,,,,,,,,,,,,,,,,,,,,
1993,24,Sacramento Kings,,,,,,,,,,,,,,,,,,,,,,,,,,,,,,
1993,25,Washington Bullets,,,,,,,,,,,,,,,,,,,,,,,,,,,,,,
1993,26,Minnesota Timberwolves,,,,,,,,,,,,,,,,,,,,,,,,,,,,,,
1993,27,Dallas Mavericks,,,,,,,,,,,,,,,,,,,,,,,,,,,,,,
1992,1,Chicago Bulls,,,,,,,,,,,,,,,,,,,,,,,,,,,,,,
1992,2,Cleveland Cavaliers,,,,,,,,,,,,,,,,,,,,,,,,,,,,,,
1992,3,Portland Trail Blazers,,,,,,,,,,,,,,,,,,,,,,,,,,,,,,
1992,4,Golden State Warriors,,,,,,,,,,,,,,,,,,,,,,,,,,,,,,
1992,5,Utah Jazz,,,,,,,,,,,,,,,,,,,,,,,,,,,,,,
1992,6,Phoenix Suns,,,,,,,,,,,,,,,,,,,,,,,,,,,,,,
1992,7,Boston Celtics,,,,,,,,,,,,,,,,,,,,,,,,,,,,,,
1992,8,New York Knicks,,,,,,,,,,,,,,,,,,,,,,,,,,,,,,
1992,9,Detroit Pistons,,,,,,,,,,,,,,,,,,,,,,,,,,,,,,
1992,10,San Antonio Spurs,,,,,,,,,,,,,,,,,,,,,,,,,,,,,,
1992,11,Seattle SuperSonics,,,,,,,,,,,,,,,,,,,,,,,,,,,,,,
1992,12,Los Angeles Clippers,,,,,,,,,,,,,,,,,,,,,,,,,,,,,,
1992,13,Los Angeles Lakers,,,,,,,,,,,,,,,,,,,,,,,,,,,,,,
1992,14,Houston Rockets,,,,,,,,,,,,,,,,,,,,,,,,,,,,,,
1992,15,Indiana Pacers,,,,,,,,,,,,,,,,,,,,,,,,,,,,,,
1992,16,New Jersey Nets,,,,,,,,,,,,,,,,,,,,,,,,,,,,,,
1992,17,Miami Heat,,,,,,,,,,,,,,,,,,,,,,,,,,,,,,
1992,18,Atlanta Hawks,,,,,,,,,,,,,,,,,,,,,,,,,,,,,,
1992,19,Philadelphia 76ers,,,,,,,,,,,,,,,,,,,,,,,,,,,,,,
1992,20,Charlotte Hornets,,,,,,,,,,,,,,,,,,,,,,,,,,,,,,
1992,21,Milwaukee Bucks,,,,,,,,,,,,,,,,,,,,,,,,,,,,,,
1992,22,Sacramento Kings,,,,,,,,,,,,,,,,,,,,,,,,,,,,,,
1992,23,Washington Bullets,,,,,,,,,,,,,,,,,,,,,,,,,,,,,,
1992,24,Denver Nuggets,,,,,,,,,,,,,,,,,,,,,,,,,,,,,,
1992,25,Dallas Mavericks,,,,,,,,,,,,,,,,,,,,,,,,,,,,,,
1992,26,Orlando Magic,,,,,,,,,,,,,,,,,,,,,,,,,,,,,,
1992,27,Minnesota Timberwolves,,,,,,,,,,,,,,,,,,,,,,,,,,,,,,
1991,1,Portland Trail Blazers,,,,,,,,,,,,,,,,,,,,,,,,,,,,,,
1991,2,Chicago Bulls,,,,,,,,,,,,,,,,,,,,,,,,,,,,,,
1991,3,Los Angeles Lakers,,,,,,,,,,,,,,,,,,,,,,,,,,,,,,
1991,4,Boston Celtics,,,,,,,,,,,,,,,,,,,,,,,,,,,,,,
1991,5,Phoenix Suns,,,,,,,,,,,,,,,,,,,,,,,,,,,,,,
1991,6,San Antonio Spurs,,,,,,,,,,,,,,,,,,,,,,,,,,,,,,
1991,7,Utah Jazz,,,,,,,,,,,,,,,,,,,,,,,,,,,,,,
1991,8,Houston Rockets,,,,,,,,,,,,,,,,,,,,,,,,,,,,,,
1991,9,Detroit Pistons,,,,,,,,,,,,,,,,,,,,,,,,,,,,,,
1991,10,Milwaukee Bucks,,,,,,,,,,,,,,,,,,,,,,,,,,,,,,
1991,11,Golden State Warriors,,,,,,,,,,,,,,,,,,,,,,,,,,,,,,
1991,12,Philadelphia 76ers,,,,,,,,,,,,,,,,,,,,,,,,,,,,,,
1991,13,Atlanta Hawks,,,,,,,,,,,,,,,,,,,,,,,,,,,,,,
1991,14,Indiana Pacers,,,,,,,,,,,,,,,,,,,,,,,,,,,,,,
1991,15,Seattle SuperSonics,,,,,,,,,,,,,,,,,,,,,,,,,,,,,,
1991,16,New York Knicks,,,,,,,,,,,,,,,,,,,,,,,,,,,,,,
1991,17,Cleveland Cavaliers,,,,,,,,,,,,,,,,,,,,,,,,,,,,,,
1991,18,Los Angeles Clippers,,,,,,,,,,,,,,,,,,,,,,,,,,,,,,
1991,19,Orlando Magic,,,,,,,,,,,,,,,,,,,,,,,,,,,,,,
1991,20,Washington Bullets,,,,,,,,,,,,,,,,,,,,,,,,,,,,,,
1991,21,Minnesota Timberwolves,,,,,,,,,,,,,,,,,,,,,,,,,,,,,,
1991,22,Dallas Mavericks,,,,,,,,,,,,,,,,,,,,,,,,,,,,,,
1991,23,Charlotte Hornets,,,,,,,,,,,,,,,,,,,,,,,,,,,,,,
1991,24,New Jersey Nets,,,,,,,,,,,,,,,,,,,,,,,,,,,,,,
1991,25,Sacramento Kings,,,,,,,,,,,,,,,,,,,,,,,,,,,,,,
1991,26,Miami Heat,,,,,,,,,,,,,,,,,,,,,,,,,,,,,,
1991,27,Denver Nuggets,,,,,,,,,,,,,,,,,,,,,,,,,,,,,,
1990,1,Los Angeles Lakers,,,,,,,,,,,,,,,,,,,,,,,,,,,,,,
1990,2,Detroit Pistons,,,,,,,,,,,,,,,,,,,,,,,,,,,,,,
1990,3,Portland Trail Blazers,,,,,,,,,,,,,,,,,,,,,,,,,,,,,,
1990,4,San Antonio Spurs,,,,,,,,,,,,,,,,,,,,,,,,,,,,,,
1990,5,Chicago Bulls,,,,,,,,,,,,,,,,,,,,,,,,,,,,,,
1990,6,Utah Jazz,,,,,,,,,,,,,,,,,,,,,,,,,,,,,,
1990,7,Phoenix Suns,,,,,,,,,,,,,,,,,,,,,,,,,,,,,,
1990,8,Philadelphia 76ers,,,,,,,,,,,,,,,,,,,,,,,,,,,,,,
1990,9,Boston Celtics,,,,,,,,,,,,,,,,,,,,,,,,,,,,,,
1990,10,Dallas Mavericks,,,,,,,,,,,,,,,,,,,,,,,,,,,,,,
1990,11,New York Knicks,,,,,,,,,,,,,,,,,,,,,,,,,,,,,,
1990,12,Milwaukee Bucks,,,,,,,,,,,,,,,,,,,,,,,,,,,,,,
1990,13,Denver Nuggets,,,,,,,,,,,,,,,,,,,,,,,,,,,,,,
1990,14,Cleveland Cavaliers,,,,,,,,,,,,,,,,,,,,,,,,,,,,,,
1990,15,Indiana Pacers,,,,,,,,,,,,,,,,,,,,,,,,,,,,,,
1990,16,Houston Rockets,,,,,,,,,,,,,,,,,,,,,,,,,,,,,,
1990,17,Atlanta Hawks,,,,,,,,,,,,,,,,,,,,,,,,,,,,,,
1990,18,Seattle SuperSonics,,,,,,,,,,,,,,,,,,,,,,,,,,,,,,
1990,19,Golden State Warriors,,,,,,,,,,,,,,,,,,,,,,,,,,,,,,
1990,20,Washington Bullets,,,,,,,,,,,,,,,,,,,,,,,,,,,,,,
1990,21,Los Angeles Clippers,,,,,,,,,,,,,,,,,,,,,,,,,,,,,,
1990,22,Sacramento Kings,,,,,,,,,,,,,,,,,,,,,,,,,,,,,,
1990,23,Minnesota Timberwolves,,,,,,,,,,,,,,,,,,,,,,,,,,,,,,
1990,24,Charlotte Hornets,,,,,,,,,,,,,,,,,,,,,,,,,,,,,,
1990,25,Miami Heat,,,,,,,,,,,,,,,,,,,,,,,,,,,,,,
1990,26,Orlando Magic,,,,,,,,,,,,,,,,,,,,,,,,,,,,,,
1990,27,New Jersey Nets,,,,,,,,,,,,,,,,,,,,,,,,,,,,,,
1989,1,Detroit Pistons,,,,,,,,,,,,,,,,,,,,,,,,,,,,,,
1989,2,Cleveland Cavaliers,,,,,,,,,,,,,,,,,,,,,,,,,,,,,,
1989,3,Los Angeles Lakers,,,,,,,,,,,,,,,,,,,,,,,,,,,,,,
1989,4,Phoenix Suns,,,,,,,,,,,,,,,,,,,,,,,,,,,,,,
1989,5,Atlanta Hawks,,,,,,,,,,,,,,,,,,,,,,,,,,,,,,
1989,6,New York Knicks,,,,,,,,,,,,,,,,,,,,,,,,,,,,,,
1989,7,Utah Jazz,,,,,,,,,,,,,,,,,,,,,,,,,,,,,,
1989,8,Milwaukee Bucks,,,,,,,,,,,,,,,,,,,,,,,,,,,,,,
1989,9,Chicago Bulls,,,,,,,,,,,,,,,,,,,,,,,,,,,,,,
1989,10,Seattle SuperSonics,,,,,,,,,,,,,,,,,,,,,,,,,,,,,,
1989,11,Philadelphia 76ers,,,,,,,,,,,,,,,,,,,,,,,,,,,,,,
1989,12,Houston Rockets,,,,,,,,,,,,,,,,,,,,,,,,,,,,,,
1989,13,Denver Nuggets,,,,,,,,,,,,,,,,,,,,,,,,,,,,,,
1989,14,Golden State Warriors,,,,,,,,,,,,,,,,,,,,,,,,,,,,,,
1989,15,Boston Celtics,,,,,,,,,,,,,,,,,,,,,,,,,,,,,,
1989,16,Washington Bullets,,,,,,,,,,,,,,,,,,,,,,,,,,,,,,
1989,17,Portland Trail Blazers,,,,,,,,,,,,,,,,,,,,,,,,,,,,,,
1989,18,Dallas Mavericks,,,,,,,,,,,,,,,,,,,,,,,,,,,,,,
1989,19,Indiana Pacers,,,,,,,,,,,,,,,,,,,,,,,,,,,,,,
1989,20,Sacramento Kings,,,,,,,,,,,,,,,,,,,,,,,,,,,,,,
1989,21,New Jersey Nets,,,,,,,,,,,,,,,,,,,,,,,,,,,,,,
1989,22,Los Angeles Clippers,,,,,,,,,,,,,,,,,,,,,,,,,,,,,,
1989,23,San Antonio Spurs,,,,,,,,,,,,,,,,,,,,,,,,,,,,,,
1989,24,Charlotte Hornets,,,,,,,,,,,,,,,,,,,,,,,,,,,,,,
1989,25,Miami Heat,,,,,,,,,,,,,,,,,,,,,,,,,,,,,,
1988,1,Los Angeles Lakers,,,,,,,,,,,,,,,,,,,,,,,,,,,,,,
1988,2,Boston Celtics,,,,,,,,,,,,,,,,,,,,,,,,,,,,,,
1988,3,Denver Nuggets,,,,,,,,,,,,,,,,,,,,,,,,,,,,,,
1988,4,Detroit Pistons,,,,,,,,,,,,,,,,,,,,,,,,,,,,,,
1988,5,Dallas Mavericks,,,,,,,,,,,,,,,,,,,,,,,,,,,,,,
1988,6,Portland Trail Blazers,,,,,,,,,,,,,,,,,,,,,,,,,,,,,,
1988,7,Atlanta Hawks,,,,,,,,,,,,,,,,,,,,,,,,,,,,,,
1988,8,Chicago Bulls,,,,,,,,,,,,,,,,,,,,,,,,,,,,,,
1988,9,Utah Jazz,,,,,,,,,,,,,,,,,,,,,,,,,,,,,,
1988,10,Houston Rockets,,,,,,,,,,,,,,,,,,,,,,,,,,,,,,
1988,11,Seattle SuperSonics,,,,,,,,,,,,,,,,,,,,,,,,,,,,,,
1988,12,Cleveland Cavaliers,,,,,,,,,,,,,,,,,,,,,,,,,,,,,,
1988,13,Milwaukee Bucks,,,,,,,,,,,,,,,,,,,,,,,,,,,,,,
1988,14,New York Knicks,,,,,,,,,,,,,,,,,,,,,,,,,,,,,,
1988,15,Washington Bullets,,,,,,,,,,,,,,,,,,,,,,,,,,,,,,
1988,16,Indiana Pacers,,,,,,,,,,,,,,,,,,,,,,,,,,,,,,
1988,17,Philadelphia 76ers,,,,,,,,,,,,,,,,,,,,,,,,,,,,,,
1988,18,San Antonio Spurs,,,,,,,,,,,,,,,,,,,,,,,,,,,,,,
1988,19,Phoenix Suns,,,,,,,,,,,,,,,,,,,,,,,,,,,,,,
1988,20,Sacramento Kings,,,,,,,,,,,,,,,,,,,,,,,,,,,,,,
1988,21,Golden State Warriors,,,,,,,,,,,,,,,,,,,,,,,,,,,,,,
1988,22,New Jersey Nets,,,,,,,,,,,,,,,,,,,,,,,,,,,,,,
1988,23,Los Angeles Clippers,,,,,,,,,,,,,,,,,,,,,,,,,,,,,,
1987,1,Los Angeles Lakers,,,,,,,,,,,,,,,,,,,,,,,,,,,,,,
1987,2,Boston Celtics,,,,,,,,,,,,,,,,,,,,,,,,,,,,,,
1987,3,Atlanta Hawks,,,,,,,,,,,,,,,,,,,,,,,,,,,,,,
1987,4,Dallas Mavericks,,,,,,,,,,,,,,,,,,,,,,,,,,,,,,
1987,5,Detroit Pistons,,,,,,,,,,,,,,,,,,,,,,,,,,,,,,
1987,6,Milwaukee Bucks,,,,,,,,,,,,,,,,,,,,,,,,,,,,,,
1987,7,Portland Trail Blazers,,,,,,,,,,,,,,,,,,,,,,,,,,,,,,
1987,8,Philadelphia 76ers,,,,,,,,,,,,,,,,,,,,,,,,,,,,,,
1987,9,Utah Jazz,,,,,,,,,,,,,,,,,,,,,,,,,,,,,,
1987,10,Golden State Warriors,,,,,,,,,,,,,,,,,,,,,,,,,,,,,,
1987,11,Houston Rockets,,,,,,,,,,,,,,,,,,,,,,,,,,,,,,
1987,12,Washington Bullets,,,,,,,,,,,,,,,,,,,,,,,,,,,,,,
1987,13,Indiana Pacers,,,,,,,,,,,,,,,,,,,,,,,,,,,,,,
1987,14,Chicago Bulls,,,,,,,,,,,,,,,,,,,,,,,,,,,,,,
1987,15,Seattle SuperSonics,,,,,,,,,,,,,,,,,,,,,,,,,,,,,,
1987,16,Denver Nuggets,,,,,,,,,,,,,,,,,,,,,,,,,,,,,,
1987,17,Phoenix Suns,,,,,,,,,,,,,,,,,,,,,,,,,,,,,,
1987,18,Cleveland Cavaliers,,,,,,,,,,,,,,,,,,,,,,,,,,,,,,
1987,19,Sacramento Kings,,,,,,,,,,,,,,,,,,,,,,,,,,,,,,
1987,20,San Antonio Spurs,,,,,,,,,,,,,,,,,,,,,,,,,,,,,,
1987,21,New Jersey Nets,,,,,,,,,,,,,,,,,,,,,,,,,,,,,,
1987,22,New York Knicks,,,,,,,,,,,,,,,,,,,,,,,,,,,,,,
1987,23,Los Angeles Clippers,,,,,,,,,,,,,,,,,,,,,,,,,,,,,,
1986,1,Boston Celtics,,,,,,,,,,,,,,,,,,,,,,,,,,,,,,
1986,2,Los Angeles Lakers,,,,,,,,,,,,,,,,,,,,,,,,,,,,,,
1986,3,Milwaukee Bucks,,,,,,,,,,,,,,,,,,,,,,,,,,,,,,
1986,4,Philadelphia 76ers,,,,,,,,,,,,,,,,,,,,,,,,,,,,,,
1986,5,Houston Rockets,,,,,,,,,,,,,,,,,,,,,,,,,,,,,,
1986,6,Atlanta Hawks,,,,,,,,,,,,,,,,,,,,,,,,,,,,,,
1986,7,Denver Nuggets,,,,,,,,,,,,,,,,,,,,,,,,,,,,,,
1986,8,Detroit Pistons,,,,,,,,,,,,,,,,,,,,,,,,,,,,,,
1986,9,Dallas Mavericks,,,,,,,,,,,,,,,,,,,,,,,,,,,,,,
1986,10,Utah Jazz,,,,,,,,,,,,,,,,,,,,,,,,,,,,,,
1986,11,Portland Trail Blazers,,,,,,,,,,,,,,,,,,,,,,,,,,,,,,
1986,12,New Jersey Nets,,,,,,,,,,,,,,,,,,,,,,,,,,,,,,
1986,13,Washington Bullets,,,,,,,,,,,,,,,,,,,,,,,,,,,,,,
1986,14,Sacramento Kings,,,,,,,,,,,,,,,,,,,,,,,,,,,,,,
1986,15,San Antonio Spurs,,,,,,,,,,,,,,,,,,,,,,,,,,,,,,
1986,16,Los Angeles Clippers,,,,,,,,,,,,,,,,,,,,,,,,,,,,,,
1986,17,Phoenix Suns,,,,,,,,,,,,,,,,,,,,,,,,,,,,,,
1986,18,Seattle SuperSonics,,,,,,,,,,,,,,,,,,,,,,,,,,,,,,
1986,19,Chicago Bulls,,,,,,,,,,,,,,,,,,,,,,,,,,,,,,
1986,20,Golden State Warriors,,,,,,,,,,,,,,,,,,,,,,,,,,,,,,
1986,21,Cleveland Cavaliers,,,,,,,,,,,,,,,,,,,,,,,,,,,,,,
1986,22,Indiana Pacers,,,,,,,,,,,,,,,,,,,,,,,,,,,,,,
1986,23,New York Knicks,,,,,,,,,,,,,,,,,,,,,,,,,,,,,,
1985,1,Boston Celtics,,,,,,,,,,,,,,,,,,,,,,,,,,,,,,
1985,2,Los Angeles Lakers,,,,,,,,,,,,,,,,,,,,,,,,,,,,,,
1985,3,Milwaukee Bucks,,,,,,,,,,,,,,,,,,,,,,,,,,,,,,
1985,4,Philadelphia 76ers,,,,,,,,,,,,,,,,,,,,,,,,,,,,,,
1985,5,Denver Nuggets,,,,,,,,,,,,,,,,,,,,,,,,,,,,,,
1985,6,Houston Rockets,,,,,,,,,,,,,,,,,,,,,,,,,,,,,,
1985,7,Detroit Pistons,,,,,,,,,,,,,,,,,,,,,,,,,,,,,,
1985,8,Dallas Mavericks,,,,,,,,,,,,,,,,,,,,,,,,,,,,,,
1985,9,New Jersey Nets,,,,,,,,,,,,,,,,,,,,,,,,,,,,,,
1985,10,Portland Trail Blazers,,,,,,,,,,,,,,,,,,,,,,,,,,,,,,
1985,11,San Antonio Spurs,,,,,,,,,,,,,,,,,,,,,,,,,,,,,,
1985,12,Utah Jazz,,,,,,,,,,,,,,,,,,,,,,,,,,,,,,
1985,13,Washington Bullets,,,,,,,,,,,,,,,,,,,,,,,,,,,,,,
1985,14,Chicago Bulls,,,,,,,,,,,,,,,,,,,,,,,,,,,,,,
1985,15,Cleveland Cavaliers,,,,,,,,,,,,,,,,,,,,,,,,,,,,,,
1985,16,Phoenix Suns,,,,,,,,,,,,,,,,,,,,,,,,,,,,,,
1985,17,Atlanta Hawks,,,,,,,,,,,,,,,,,,,,,,,,,,,,,,
1985,18,Kansas City Kings,,,,,,,,,,,,,,,,,,,,,,,,,,,,,,
1985,19,Los Angeles Clippers,,,,,,,,,,,,,,,,,,,,,,,,,,,,,,
1985,20,Seattle SuperSonics,,,,,,,,,,,,,,,,,,,,,,,,,,,,,,
1985,21,New York Knicks,,,,,,,,,,,,,,,,,,,,,,,,,,,,,,
1985,22,Golden State Warriors,,,,,,,,,,,,,,,,,,,,,,,,,,,,,,
1985,23,Indiana Pacers,,,,,,,,,,,,,,,,,,,,,,,,,,,,,,
1984,1,Boston Celtics,,,,,,,,,,,,,,,,,,,,,,,,,,,,,,
1984,2,Los Angeles Lakers,,,,,,,,,,,,,,,,,,,,,,,,,,,,,,
1984,3,Philadelphia 76ers,,,,,,,,,,,,,,,,,,,,,,,,,,,,,,
1984,4,Milwaukee Bucks,,,,,,,,,,,,,,,,,,,,,,,,,,,,,,
1984,5,Detroit Pistons,,,,,,,,,,,,,,,,,,,,,,,,,,,,,,
1984,6,Portland Trail Blazers,,,,,,,,,,,,,,,,,,,,,,,,,,,,,,
1984,7,New York Knicks,,,,,,,,,,,,,,,,,,,,,,,,,,,,,,
1984,8,New Jersey Nets,,,,,,,,,,,,,,,,,,,,,,,,,,,,,,
1984,9,Utah Jazz,,,,,,,,,,,,,,,,,,,,,,,,,,,,,,
1984,10,Dallas Mavericks,,,,,,,,,,,,,,,,,,,,,,,,,,,,,,
1984,11,Seattle SuperSonics,,,,,,,,,,,,,,,,,,,,,,,,,,,,,,
1984,12,Phoenix Suns,,,,,,,,,,,,,,,,,,,,,,,,,,,,,,
1984,13,Atlanta Hawks,,,,,,,,,,,,,,,,,,,,,,,,,,,,,,
1984,14,Denver Nuggets,,,,,,,,,,,,,,,,,,,,,,,,,,,,,,
1984,15,Kansas City Kings,,,,,,,,,,,,,,,,,,,,,,,,,,,,,,
1984,16,Golden State Warriors,,,,,,,,,,,,,,,,,,,,,,,,,,,,,,
1984,17,San Antonio Spurs,,,,,,,,,,,,,,,,,,,,,,,,,,,,,,
1984,18,Washington Bullets,,,,,,,,,,,,,,,,,,,,,,,,,,,,,,
1984,19,San Diego Clippers,,,,,,,,,,,,,,,,,,,,,,,,,,,,,,
1984,20,Houston Rockets,,,,,,,,,,,,,,,,,,,,,,,,,,,,,,
1984,21,Cleveland Cavaliers,,,,,,,,,,,,,,,,,,,,,,,,,,,,,,
1984,22,Chicago Bulls,,,,,,,,,,,,,,,,,,,,,,,,,,,,,,
1984,23,Indiana Pacers,,,,,,,,,,,,,,,,,,,,,,,,,,,,,,
1983,1,Philadelphia 76ers,,,,,,,,,,,,,,,,,,,,,,,,,,,,,,
1983,2,Los Angeles Lakers,,,,,,,,,,,,,,,,,,,,,,,,,,,,,,
1983,3,Boston Celtics,,,,,,,,,,,,,,,,,,,,,,,,,,,,,,
1983,4,Phoenix Suns,,,,,,,,,,,,,,,,,,,,,,,,,,,,,,
1983,5,San Antonio Spurs,,,,,,,,,,,,,,,,,,,,,,,,,,,,,,
1983,6,Milwaukee Bucks,,,,,,,,,,,,,,,,,,,,,,,,,,,,,,
1983,7,New Jersey Nets,,,,,,,,,,,,,,,,,,,,,,,,,,,,,,
1983,8,Seattle SuperSonics,,,,,,,,,,,,,,,,,,,,,,,,,,,,,,
1983,9,Portland Trail Blazers,,,,,,,,,,,,,,,,,,,,,,,,,,,,,,
1983,10,Denver Nuggets,,,,,,,,,,,,,,,,,,,,,,,,,,,,,,
1983,11,Kansas City Kings,,,,,,,,,,,,,,,,,,,,,,,,,,,,,,
1983,12,New York Knicks,,,,,,,,,,,,,,,,,,,,,,,,,,,,,,
1983,13,Atlanta Hawks,,,,,,,,,,,,,,,,,,,,,,,,,,,,,,
1983,14,Washington Bullets,,,,,,,,,,,,,,,,,,,,,,,,,,,,,,
1983,15,Dallas Mavericks,,,,,,,,,,,,,,,,,,,,,,,,,,,,,,
1983,16,Detroit Pistons,,,,,,,,,,,,,,,,,,,,,,,,,,,,,,
1983,17,Golden State Warriors,,,,,,,,,,,,,,,,,,,,,,,,,,,,,,
1983,18,Utah Jazz,,,,,,,,,,,,,,,,,,,,,,,,,,,,,,
1983,19,Chicago Bulls,,,,,,,,,,,,,,,,,,,,,,,,,,,,,,
1983,20,San Diego Clippers,,,,,,,,,,,,,,,,,,,,,,,,,,,,,,
1983,21,Cleveland Cavaliers,,,,,,,,,,,,,,,,,,,,,,,,,,,,,,
1983,22,Indiana Pacers,,,,,,,,,,,,,,,,,,,,,,,,,,,,,,
1983,23,Houston Rockets,,,,,,,,,,,,,,,,,,,,,,,,,,,,,,
1982,1,Boston Celtics,,,,,,,,,,,,,,,,,,,,,,,,,,,,,,
1982,2,Philadelphia 76ers,,,,,,,,,,,,,,,,,,,,,,,,,,,,,,
1982,3,Los Angeles Lakers,,,,,,,,,,,,,,,,,,,,,,,,,,,,,,
1982,4,Milwaukee Bucks,,,,,,,,,,,,,,,,,,,,,,,,,,,,,,
1982,5,Seattle SuperSonics,,,,,,,,,,,,,,,,,,,,,,,,,,,,,,
1982,6,San Antonio Spurs,,,,,,,,,,,,,,,,,,,,,,,,,,,,,,
1982,7,Denver Nuggets,,,,,,,,,,,,,,,,,,,,,,,,,,,,,,
1982,8,Houston Rockets,,,,,,,,,,,,,,,,,,,,,,,,,,,,,,
1982,9,Phoenix Suns,,,,,,,,,,,,,,,,,,,,,,,,,,,,,,
1982,10,Golden State Warriors,,,,,,,,,,,,,,,,,,,,,,,,,,,,,,
1982,11,New Jersey Nets,,,,,,,,,,,,,,,,,,,,,,,,,,,,,,
1982,12,Washington Bullets,,,,,,,,,,,,,,,,,,,,,,,,,,,,,,
1982,13,Atlanta Hawks,,,,,,,,,,,,,,,,,,,,,,,,,,,,,,
1982,14,Portland Trail Blazers,,,,,,,,,,,,,,,,,,,,,,,,,,,,,,
1982,15,Detroit Pistons,,,,,,,,,,,,,,,,,,,,,,,,,,,,,,
1982,16,Indiana Pacers,,,,,,,,,,,,,,,,,,,,,,,,,,,,,,
1982,17,Chicago Bulls,,,,,,,,,,,,,,,,,,,,,,,,,,,,,,
1982,18,New York Knicks,,,,,,,,,,,,,,,,,,,,,,,,,,,,,,
1982,19,Kansas City Kings,,,,,,,,,,,,,,,,,,,,,,,,,,,,,,
1982,20,Dallas Mavericks,,,,,,,,,,,,,,,,,,,,,,,,,,,,,,
1982,21,Utah Jazz,,,,,,,,,,,,,,,,,,,,,,,,,,,,,,
1982,22,San Diego Clippers,,,,,,,,,,,,,,,,,,,,,,,,,,,,,,
1982,23,Cleveland Cavaliers,,,,,,,,,,,,,,,,,,,,,,,,,,,,,,
1981,1,Boston Celtics,,,,,,,,,,,,,,,,,,,,,,,,,,,,,,
1981,2,Philadelphia 76ers,,,,,,,,,,,,,,,,,,,,,,,,,,,,,,
1981,3,Milwaukee Bucks,,,,,,,,,,,,,,,,,,,,,,,,,,,,,,
1981,4,Phoenix Suns,,,,,,,,,,,,,,,,,,,,,,,,,,,,,,
1981,5,Los Angeles Lakers,,,,,,,,,,,,,,,,,,,,,,,,,,,,,,
1981,6,San Antonio Spurs,,,,,,,,,,,,,,,,,,,,,,,,,,,,,,
1981,7,New York Knicks,,,,,,,,,,,,,,,,,,,,,,,,,,,,,,
1981,8,Chicago Bulls,,,,,,,,,,,,,,,,,,,,,,,,,,,,,,
1981,9,Portland Trail Blazers,,,,,,,,,,,,,,,,,,,,,,,,,,,,,,
1981,10,Indiana Pacers,,,,,,,,,,,,,,,,,,,,,,,,,,,,,,
1981,11,Houston Rockets,,,,,,,,,,,,,,,,,,,,,,,,,,,,,,
1981,12,Kansas City Kings,,,,,,,,,,,,,,,,,,,,,,,,,,,,,,
1981,13,Golden State Warriors,,,,,,,,,,,,,,,,,,,,,,,,,,,,,,
1981,14,Washington Bullets,,,,,,,,,,,,,,,,,,,,,,,,,,,,,,
1981,15,Denver Nuggets,,,,,,,,,,,,,,,,,,,,,,,,,,,,,,
1981,16,San Diego Clippers,,,,,,,,,,,,,,,,,,,,,,,,,,,,,,
1981,17,Seattle SuperSonics,,,,,,,,,,,,,,,,,,,,,,,,,,,,,,
1981,18,Atlanta Hawks,,,,,,,,,,,,,,,,,,,,,,,,,,,,,,
1981,19,Cleveland Cavaliers,,,,,,,,,,,,,,,,,,,,,,,,,,,,,,
1981,20,Utah Jazz,,,,,,,,,,,,,,,,,,,,,,,,,,,,,,
1981,21,New Jersey Nets,,,,,,,,,,,,,,,,,,,,,,,,,,,,,,
1981,22,Detroit Pistons,,,,,,,,,,,,,,,,,,,,,,,,,,,,,,
1981,23,Dallas Mavericks,,,,,,,,,,,,,,,,,,,,,,,,,,,,,,
1980,1,Boston Celtics,,,,,,,,,,,,,,,,,,,,,,,,,,,,,,
1980,2,Los Angeles Lakers,,,,,,,,,,,,,,,,,,,,,,,,,,,,,,
1980,3,Philadelphia 76ers,,,,,,,,,,,,,,,,,,,,,,,,,,,,,,
1980,4,Seattle SuperSonics,,,,,,,,,,,,,,,,,,,,,,,,,,,,,,
1980,5,Phoenix Suns,,,,,,,,,,,,,,,,,,,,,,,,,,,,,,
1980,6,Atlanta Hawks,,,,,,,,,,,,,,,,,,,,,,,,,,,,,,
1980,7,Milwaukee Bucks,,,,,,,,,,,,,,,,,,,,,,,,,,,,,,
1980,8,Kansas City Kings,,,,,,,,,,,,,,,,,,,,,,,,,,,,,,
1980,9,Houston Rockets,,,,,,,,,,,,,,,,,,,,,,,,,,,,,,
1980,10,San Antonio Spurs,,,,,,,,,,,,,,,,,,,,,,,,,,,,,,
1980,11,Washington Bullets,,,,,,,,,,,,,,,,,,,,,,,,,,,,,,
1980,12,New York Knicks,,,,,,,,,,,,,,,,,,,,,,,,,,,,,,
1980,13,Portland Trail Blazers,,,,,,,,,,,,,,,,,,,,,,,,,,,,,,
1980,14,Cleveland Cavaliers,,,,,,,,,,,,,,,,,,,,,,,,,,,,,,
1980,15,Indiana Pacers,,,,,,,,,,,,,,,,,,,,,,,,,,,,,,
1980,16,San Diego Clippers,,,,,,,,,,,,,,,,,,,,,,,,,,,,,,
1980,17,New Jersey Nets,,,,,,,,,,,,,,,,,,,,,,,,,,,,,,
1980,18,Chicago Bulls,,,,,,,,,,,,,,,,,,,,,,,,,,,,,,
1980,19,Denver Nuggets,,,,,,,,,,,,,,,,,,,,,,,,,,,,,,
1980,20,Golden State Warriors,,,,,,,,,,,,,,,,,,,,,,,,,,,,,,
1980,21,Utah Jazz,,,,,,,,,,,,,,,,,,,,,,,,,,,,,,
1980,22,Detroit Pistons,,,,,,,,,,,,,,,,,,,,,,,,,,,,,,
1979,1,Washington Bullets,,,,,,,,,,,,,,,,,,,,,,,,,,,,,,
1979,2,Seattle SuperSonics,,,,,,,,,,,,,,,,,,,,,,,,,,,,,,
1979,3,Phoenix Suns,,,,,,,,,,,,,,,,,,,,,,,,,,,,,,
1979,4,Kansas City Kings,,,,,,,,,,,,,,,,,,,,,,,,,,,,,,
1979,5,San Antonio Spurs,,,,,,,,,,,,,,,,,,,,,,,,,,,,,,
1979,6,Denver Nuggets,,,,,,,,,,,,,,,,,,,,,,,,,,,,,,
1979,7,Houston Rockets,,,,,,,,,,,,,,,,,,,,,,,,,,,,,,
1979,8,Los Angeles Lakers,,,,,,,,,,,,,,,,,,,,,,,,,,,,,,
1979,9,Philadelphia 76ers,,,,,,,,,,,,,,,,,,,,,,,,,,,,,,
1979,10,Atlanta Hawks,,,,,,,,,,,,,,,,,,,,,,,,,,,,,,
1979,11,Portland Trail Blazers,,,,,,,,,,,,,,,,,,,,,,,,,,,,,,
1979,12,San Diego Clippers,,,,,,,,,,,,,,,,,,,,,,,,,,,,,,
1979,13,Golden State Warriors,,,,,,,,,,,,,,,,,,,,,,,,,,,,,,
1979,14,Indiana Pacers,,,,,,,,,,,,,,,,,,,,,,,,,,,,,,
1979,15,Milwaukee Bucks,,,,,,,,,,,,,,,,,,,,,,,,,,,,,,
1979,16,New Jersey Nets,,,,,,,,,,,,,,,,,,,,,,,,,,,,,,
1979,17,Chicago Bulls,,,,,,,,,,,,,,,,,,,,,,,,,,,,,,
1979,18,New York Knicks,,,,,,,,,,,,,,,,,,,,,,,,,,,,,,
1979,19,Cleveland Cavaliers,,,,,,,,,,,,,,,,,,,,,,,,,,,,,,
1979,20,Detroit Pistons,,,,,,,,,,,,,,,,,,,,,,,,,,,,,,
1979,21,Boston Celtics,,,,,,,,,,,,,,,,,,,,,,,,,,,,,,
1979,22,New Orleans Jazz,,,,,,,,,,,,,,,,,,,,,,,,,,,,,,
1978,1,Portland Trail Blazers,,,,,,,,,,,,,,,,,,,,,,,,,,,,,,
1978,2,Philadelphia 76ers,,,,,,,,,,,,,,,,,,,,,,,,,,,,,,
1978,3,San Antonio Spurs,,,,,,,,,,,,,,,,,,,,,,,,,,,,,,
1978,4,Phoenix Suns,,,,,,,,,,,,,,,,,,,,,,,,,,,,,,
1978,5,Denver Nuggets,,,,,,,,,,,,,,,,,,,,,,,,,,,,,,
1978,6,Seattle SuperSonics,,,,,,,,,,,,,,,,,,,,,,,,,,,,,,
1978,7,Los Angeles Lakers,,,,,,,,,,,,,,,,,,,,,,,,,,,,,,
1978,8,Milwaukee Bucks,,,,,,,,,,,,,,,,,,,,,,,,,,,,,,
1978,9,Washington Bullets,,,,,,,,,,,,,,,,,,,,,,,,,,,,,,
1978,10,Cleveland Cavaliers,,,,,,,,,,,,,,,,,,,,,,,,,,,,,,
1978,11,New York Knicks,,,,,,,,,,,,,,,,,,,,,,,,,,,,,,
1978,12,Golden State Warriors,,,,,,,,,,,,,,,,,,,,,,,,,,,,,,
1978,13,Atlanta Hawks,,,,,,,,,,,,,,,,,,,,,,,,,,,,,,
1978,14,Chicago Bulls,,,,,,,,,,,,,,,,,,,,,,,,,,,,,,
1978,15,New Orleans Jazz,,,,,,,,,,,,,,,,,,,,,,,,,,,,,,
1978,16,Detroit Pistons,,,,,,,,,,,,,,,,,,,,,,,,,,,,,,
1978,17,Boston Celtics,,,,,,,,,,,,,,,,,,,,,,,,,,,,,,
1978,18,Indiana Pacers,,,,,,,,,,,,,,,,,,,,,,,,,,,,,,
1978,19,Kansas City Kings,,,,,,,,,,,,,,,,,,,,,,,,,,,,,,
1978,20,Houston Rockets,,,,,,,,,,,,,,,,,,,,,,,,,,,,,,
1978,21,Buffalo Braves,,,,,,,,,,,,,,,,,,,,,,,,,,,,,,
1978,22,New Jersey Nets,,,,,,,,,,,,,,,,,,,,,,,,,,,,,,
1977,1,Los Angeles Lakers,,,,,,,,,,,,,,,,,,,,,,,,,,,,,,
1977,2,Denver Nuggets,,,,,,,,,,,,,,,,,,,,,,,,,,,,,,
1977,3,Philadelphia 76ers,,,,,,,,,,,,,,,,,,,,,,,,,,,,,,
1977,4,Houston Rockets,,,,,,,,,,,,,,,,,,,,,,,,,,,,,,
1977,5,Portland Trail Blazers,,,,,,,,,,,,,,,,,,,,,,,,,,,,,,
1977,6,Washington Bullets,,,,,,,,,,,,,,,,,,,,,,,,,,,,,,
1977,7,Golden State Warriors,,,,,,,,,,,,,,,,,,,,,,,,,,,,,,
1977,8,Boston Celtics,,,,,,,,,,,,,,,,,,,,,,,,,,,,,,
1977,9,Chicago Bulls,,,,,,,,,,,,,,,,,,,,,,,,,,,,,,
1977,10,Detroit Pistons,,,,,,,,,,,,,,,,,,,,,,,,,,,,,,
1977,11,San Antonio Spurs,,,,,,,,,,,,,,,,,,,,,,,,,,,,,,
1977,12,Cleveland Cavaliers,,,,,,,,,,,,,,,,,,,,,,,,,,,,,,
1977,13,Kansas City Kings,,,,,,,,,,,,,,,,,,,,,,,,,,,,,,
1977,14,New York Knicks,,,,,,,,,,,,,,,,,,,,,,,,,,,,,,
1977,15,Seattle SuperSonics,,,,,,,,,,,,,,,,,,,,,,,,,,,,,,
1977,16,Indiana Pacers,,,,,,,,,,,,,,,,,,,,,,,,,,,,,,
1977,17,New Orleans Jazz,,,,,,,,,,,,,,,,,,,,,,,,,,,,,,
1977,18,Phoenix Suns,,,,,,,,,,,,,,,,,,,,,,,,,,,,,,
1977,19,Atlanta Hawks,,,,,,,,,,,,,,,,,,,,,,,,,,,,,,
1977,20,Buffalo Braves,,,,,,,,,,,,,,,,,,,,,,,,,,,,,,
1977,21,Milwaukee Bucks,,,,,,,,,,,,,,,,,,,,,,,,,,,,,,
1977,22,New York Nets,,,,,,,,,,,,,,,,,,,,,,,,,,,,,,
1976,1,Golden State Warriors,,,,,,,,,,,,,,,,,,,,,,,,,,,,,,
1976,2,Boston Celtics,,,,,,,,,,,,,,,,,,,,,,,,,,,,,,
1976,3,Cleveland Cavaliers,,,,,,,,,,,,,,,,,,,,,,,,,,,,,,
1976,4,Washington Bullets,,,,,,,,,,,,,,,,,,,,,,,,,,,,,,
1976,5,Buffalo Braves,,,,,,,,,,,,,,,,,,,,,,,,,,,,,,
1976,6,Philadelphia 76ers,,,,,,,,,,,,,,,,,,,,,,,,,,,,,,
1976,7,Seattle SuperSonics,,,,,,,,,,,,,,,,,,,,,,,,,,,,,,
1976,8,Phoenix Suns,,,,,,,,,,,,,,,,,,,,,,,,,,,,,,
1976,9,Houston Rockets,,,,,,,,,,,,,,,,,,,,,,,,,,,,,,
1976,10,Los Angeles Lakers,,,,,,,,,,,,,,,,,,,,,,,,,,,,,,
1976,11,Milwaukee Bucks,,,,,,,,,,,,,,,,,,,,,,,,,,,,,,
1976,12,New Orleans Jazz,,,,,,,,,,,,,,,,,,,,,,,,,,,,,,
1976,13,New York Knicks,,,,,,,,,,,,,,,,,,,,,,,,,,,,,,
1976,14,Portland Trail Blazers,,,,,,,,,,,,,,,,,,,,,,,,,,,,,,
1976,15,Detroit Pistons,,,,,,,,,,,,,,,,,,,,,,,,,,,,,,
1976,16,Kansas City Kings,,,,,,,,,,,,,,,,,,,,,,,,,,,,,,
1976,17,Atlanta Hawks,,,,,,,,,,,,,,,,,,,,,,,,,,,,,,
1976,18,Chicago Bulls,,,,,,,,,,,,,,,,,,,,,,,,,,,,,,
1975,1,Boston Celtics,,,,,,,,,,,,,,,,,,,,,,,,,,,,,,
1975,2,Washington Bullets,,,,,,,,,,,,,,,,,,,,,,,,,,,,,,
1975,3,Buffalo Braves,,,,,,,,,,,,,,,,,,,,,,,,,,,,,,
1975,4,Golden State Warriors,,,,,,,,,,,,,,,,,,,,,,,,,,,,,,
1975,5,Chicago Bulls,,,,,,,,,,,,,,,,,,,,,,,,,,,,,,
1975,6,Kansas City-Omaha Kings,,,,,,,,,,,,,,,,,,,,,,,,,,,,,,
1975,7,Seattle SuperSonics,,,,,,,,,,,,,,,,,,,,,,,,,,,,,,
1975,8,Houston Rockets,,,,,,,,,,,,,,,,,,,,,,,,,,,,,,
1975,9,Detroit Pistons,,,,,,,,,,,,,,,,,,,,,,,,,,,,,,
1975,10,New York Knicks,,,,,,,,,,,,,,,,,,,,,,,,,,,,,,
1975,11,Cleveland Cavaliers,,,,,,,,,,,,,,,,,,,,,,,,,,,,,,
1975,12,Milwaukee Bucks,,,,,,,,,,,,,,,,,,,,,,,,,,,,,,
1975,13,Portland Trail Blazers,,,,,,,,,,,,,,,,,,,,,,,,,,,,,,
1975,14,Philadelphia 76ers,,,,,,,,,,,,,,,,,,,,,,,,,,,,,,
1975,15,Phoenix Suns,,,,,,,,,,,,,,,,,,,,,,,,,,,,,,
1975,16,Atlanta Hawks,,,,,,,,,,,,,,,,,,,,,,,,,,,,,,
1975,17,Los Angeles Lakers,,,,,,,,,,,,,,,,,,,,,,,,,,,,,,
1975,18,New Orleans Jazz,,,,,,,,,,,,,,,,,,,,,,,,,,,,,,
1974,1,Milwaukee Bucks,,,,,,,,,,,,,,,,,,,,,,,,,,,,,,
1974,2,Boston Celtics,,,,,,,,,,,,,,,,,,,,,,,,,,,,,,
1974,3,Chicago Bulls,,,,,,,,,,,,,,,,,,,,,,,,,,,,,,
1974,4,Detroit Pistons,,,,,,,,,,,,,,,,,,,,,,,,,,,,,,
1974,5,New York Knicks,,,,,,,,,,,,,,,,,,,,,,,,,,,,,,
1974,6,Capital Bullets,,,,,,,,,,,,,,,,,,,,,,,,,,,,,,
1974,7,Los Angeles Lakers,,,,,,,,,,,,,,,,,,,,,,,,,,,,,,
1974,8,Golden State Warriors,,,,,,,,,,,,,,,,,,,,,,,,,,,,,,
1974,9,Buffalo Braves,,,,,,,,,,,,,,,,,,,,,,,,,,,,,,
1974,10,Seattle SuperSonics,,,,,,,,,,,,,,,,,,,,,,,,,,,,,,
1974,11,Atlanta Hawks,,,,,,,,,,,,,,,,,,,,,,,,,,,,,,
1974,12,Kansas City-Omaha Kings,,,,,,,,,,,,,,,,,,,,,,,,,,,,,,
1974,13,Houston Rockets,,,,,,,,,,,,,,,,,,,,,,,,,,,,,,
1974,14,Phoenix Suns,,,,,,,,,,,,,,,,,,,,,,,,,,,,,,
1974,15,Cleveland Cavaliers,,,,,,,,,,,,,,,,,,,,,,,,,,,,,,
1974,16,Portland Trail Blazers,,,,,,,,,,,,,,,,,,,,,,,,,,,,,,
1974,17,Philadelphia 76ers,,,,,,,,,,,,,,,,,,,,,,,,,,,,,,
1973,1,Boston Celtics,,,,,,,,,,,,,,,,,,,,,,,,,,,,,,
1973,2,Los Angeles Lakers,,,,,,,,,,,,,,,,,,,,,,,,,,,,,,
1973,3,Milwaukee Bucks,,,,,,,,,,,,,,,,,,,,,,,,,,,,,,
1973,4,New York Knicks,,,,,,,,,,,,,,,,,,,,,,,,,,,,,,
1973,5,Baltimore Bullets,,,,,,,,,,,,,,,,,,,,,,,,,,,,,,
1973,6,Chicago Bulls,,,,,,,,,,,,,,,,,,,,,,,,,,,,,,
1973,7,Golden State Warriors,,,,,,,,,,,,,,,,,,,,,,,,,,,,,,
1973,8,Atlanta Hawks,,,,,,,,,,,,,,,,,,,,,,,,,,,,,,
1973,9,Detroit Pistons,,,,,,,,,,,,,,,,,,,,,,,,,,,,,,
1973,10,Phoenix Suns,,,,,,,,,,,,,,,,,,,,,,,,,,,,,,
1973,11,Kansas City-Omaha Kings,,,,,,,,,,,,,,,,,,,,,,,,,,,,,,
1973,12,Houston Rockets,,,,,,,,,,,,,,,,,,,,,,,,,,,,,,
1973,13,Cleveland Cavaliers,,,,,,,,,,,,,,,,,,,,,,,,,,,,,,
1973,14,Seattle SuperSonics,,,,,,,,,,,,,,,,,,,,,,,,,,,,,,
1973,15,Buffalo Braves,,,,,,,,,,,,,,,,,,,,,,,,,,,,,,
1973,16,Portland Trail Blazers,,,,,,,,,,,,,,,,,,,,,,,,,,,,,,
1973,17,Philadelphia 76ers,,,,,,,,,,,,,,,,,,,,,,,,,,,,,,
1972,1,Los Angeles Lakers,,,,,,,,,,,,,,,,,,,,,,,,,,,,,,
1972,2,Milwaukee Bucks,,,,,,,,,,,,,,,,,,,,,,,,,,,,,,
1972,3,Chicago Bulls,,,,,,,,,,,,,,,,,,,,,,,,,,,,,,
1972,4,Boston Celtics,,,,,,,,,,,,,,,,,,,,,,,,,,,,,,
1972,5,Golden State Warriors,,,,,,,,,,,,,,,,,,,,,,,,,,,,,,
1972,6,Phoenix Suns,,,,,,,,,,,,,,,,,,,,,,,,,,,,,,
1972,7,New York Knicks,,,,,,,,,,,,,,,,,,,,,,,,,,,,,,
1972,8,Seattle SuperSonics,,,,,,,,,,,,,,,,,,,,,,,,,,,,,,
1972,9,Baltimore Bullets,,,,,,,,,,,,,,,,,,,,,,,,,,,,,,
1972,10,Atlanta Hawks,,,,,,,,,,,,,,,,,,,,,,,,,,,,,,
1972,11,Houston Rockets,,,,,,,,,,,,,,,,,,,,,,,,,,,,,,
1972,12,Cincinnati Royals,,,,,,,,,,,,,,,,,,,,,,,,,,,,,,
1972,13,Philadelphia 76ers,,,,,,,,,,,,,,,,,,,,,,,,,,,,,,
1972,14,Detroit Pistons,,,,,,,,,,,,,,,,,,,,,,,,,,,,,,
1972,15,Cleveland Cavaliers,,,,,,,,,,,,,,,,,,,,,,,,,,,,,,
1972,16,Buffalo Braves,,,,,,,,,,,,,,,,,,,,,,,,,,,,,,
1972,17,Portland Trail Blazers,,,,,,,,,,,,,,,,,,,,,,,,,,,,,,
1971,1,Milwaukee Bucks,,,,,,,,,,,,,,,,,,,,,,,,,,,,,,
1971,2,New York Knicks,,,,,,,,,,,,,,,,,,,,,,,,,,,,,,
1971,3,Chicago Bulls,,,,,,,,,,,,,,,,,,,,,,,,,,,,,,
1971,4,Los Angeles Lakers,,,,,,,,,,,,,,,,,,,,,,,,,,,,,,
1971,5,Phoenix Suns,,,,,,,,,,,,,,,,,,,,,,,,,,,,,,
1971,6,Philadelphia 76ers,,,,,,,,,,,,,,,,,,,,,,,,,,,,,,
1971,7,Detroit Pistons,,,,,,,,,,,,,,,,,,,,,,,,,,,,,,
1971,8,Boston Celtics,,,,,,,,,,,,,,,,,,,,,,,,,,,,,,
1971,9,Baltimore Bullets,,,,,,,,,,,,,,,,,,,,,,,,,,,,,,
1971,10,San Francisco Warriors,,,,,,,,,,,,,,,,,,,,,,,,,,,,,,
1971,11,San Diego Rockets,,,,,,,,,,,,,,,,,,,,,,,,,,,,,,
1971,12,Seattle SuperSonics,,,,,,,,,,,,,,,,,,,,,,,,,,,,,,
1971,13,Atlanta Hawks,,,,,,,,,,,,,,,,,,,,,,,,,,,,,,
1971,14,Cincinnati Royals,,,,,,,,,,,,,,,,,,,,,,,,,,,,,,
1971,15,Portland Trail Blazers,,,,,,,,,,,,,,,,,,,,,,,,,,,,,,
1971,16,Buffalo Braves,,,,,,,,,,,,,,,,,,,,,,,,,,,,,,
1971,17,Cleveland Cavaliers,,,,,,,,,,,,,,,,,,,,,,,,,,,,,,
1970,1,New York Knicks,,,,,,,,,,,,,,,,,,,,,,,,,,,,,,
1970,2,Milwaukee Bucks,,,,,,,,,,,,,,,,,,,,,,,,,,,,,,
1970,3,Baltimore Bullets,,,,,,,,,,,,,,,,,,,,,,,,,,,,,,
1970,4,Atlanta Hawks,,,,,,,,,,,,,,,,,,,,,,,,,,,,,,
1970,5,Los Angeles Lakers,,,,,,,,,,,,,,,,,,,,,,,,,,,,,,
1970,6,Philadelphia 76ers,,,,,,,,,,,,,,,,,,,,,,,,,,,,,,
1970,7,Chicago Bulls,,,,,,,,,,,,,,,,,,,,,,,,,,,,,,
1970,8,Phoenix Suns,,,,,,,,,,,,,,,,,,,,,,,,,,,,,,
1970,9,Cincinnati Royals,,,,,,,,,,,,,,,,,,,,,,,,,,,,,,
1970,10,Seattle SuperSonics,,,,,,,,,,,,,,,,,,,,,,,,,,,,,,
1970,11,Boston Celtics,,,,,,,,,,,,,,,,,,,,,,,,,,,,,,
1970,12,Detroit Pistons,,,,,,,,,,,,,,,,,,,,,,,,,,,,,,
1970,13,San Francisco Warriors,,,,,,,,,,,,,,,,,,,,,,,,,,,,,,
1970,14,San Diego Rockets,,,,,,,,,,,,,,,,,,,,,,,,,,,,,,